x-axis,1,2
second,Volt,Volt
-2.260000E-03,,
-2.257500E-03,+54.986181E-03,-10.377789789E+00
-2.255000E-03,+55.312029E-03,-10.379176933E+00
-2.252500E-03,+54.819985E-03,-10.379176933E+00
-2.250000E-03,+54.071713E-03,-10.373654530E+00
-2.247500E-03,+53.433888E-03,-10.373602185E+00
-2.245000E-03,+52.877984E-03,-10.342404530E+00
-2.242500E-03,+53.253821E-03,-10.351407880E+00
-2.240000E-03,+53.029522E-03,-10.376507335E+00
-2.237500E-03,+53.877774E-03,-10.359076431E+00
-2.235000E-03,+54.375576E-03,-10.378417930E+00
-2.232500E-03,+54.383166E-03,-10.379176933E+00
-2.230000E-03,+55.130130E-03,-10.396424630E+00
-2.227500E-03,+55.265180E-03,-10.359076431E+00
-2.225000E-03,+54.834642E-03,-10.364023039E+00
-2.222500E-03,+54.383166E-03,-10.355019689E+00
-2.220000E-03,+53.579146E-03,-10.359076431E+00
-2.217500E-03,+53.378141E-03,-10.357113491E+00
-2.215000E-03,+53.012772E-03,-10.370042721E+00
-2.212500E-03,+53.379449E-03,-10.359207294E+00
-2.210000E-03,+53.756595E-03,-10.338975929E+00
-2.207500E-03,+53.981156E-03,-10.361301096E+00
-2.205000E-03,+54.182161E-03,-10.352533299E+00
-2.202500E-03,+55.072550E-03,-10.343294396E+00
-2.200000E-03,+55.187186E-03,-10.363761314E+00
-2.197500E-03,+54.849298E-03,-10.365488701E+00
-2.195000E-03,+54.383166E-03,-10.361667511E+00
-2.192500E-03,+53.695090E-03,-10.367582503E+00
-2.190000E-03,+53.177136E-03,-10.359076431E+00
-2.187500E-03,+53.378141E-03,-10.368577059E+00
-2.185000E-03,+53.378141E-03,-10.377580409E+00
-2.182500E-03,+53.600345E-03,-10.359076431E+00
-2.180000E-03,+54.182161E-03,-10.375486607E+00
-2.177500E-03,+54.477910E-03,-10.379176933E+00
-2.175000E-03,+54.785176E-03,-10.379176933E+00
-2.172500E-03,+55.154994E-03,-10.359076431E+00
-2.170000E-03,+54.942734E-03,-10.359076431E+00
-2.167500E-03,+54.572917E-03,-10.359076431E+00
-2.165000E-03,+53.579146E-03,-10.379176933E+00
-2.162500E-03,+53.177136E-03,-10.360044815E+00
-2.160000E-03,+53.136830E-03,-10.379176933E+00
-2.157500E-03,+53.548524E-03,-10.362138617E+00
-2.155000E-03,+53.579146E-03,-10.353135267E+00
-2.152500E-03,+54.032716E-03,-10.379176933E+00
-2.150000E-03,+54.096576E-03,-10.342823290E+00
-2.147500E-03,+55.058679E-03,-10.366326222E+00
-2.145000E-03,+55.187186E-03,-10.360829990E+00
-2.142500E-03,+55.093750E-03,-10.368420024E+00
-2.140000E-03,+54.580768E-03,-10.359076431E+00
-2.137500E-03,+53.579146E-03,-10.338975929E+00
-2.135000E-03,+52.848147E-03,-10.356642386E+00
-2.132500E-03,+53.382066E-03,-10.359076431E+00
-2.130000E-03,+53.312971E-03,-10.348031624E+00
-2.127500E-03,+53.534391E-03,-10.379176933E+00
-2.125000E-03,+53.983511E-03,-10.365698081E+00
-2.122500E-03,+54.134527E-03,-10.359076431E+00
-2.120000E-03,+54.584171E-03,-10.379176933E+00
-2.117500E-03,+55.385312E-03,-10.359076431E+00
-2.115000E-03,+55.079093E-03,-10.359076431E+00
-2.112500E-03,+54.383166E-03,-10.359076431E+00
-2.110000E-03,+53.708176E-03,-10.359076431E+00
-2.107500E-03,+53.015128E-03,-10.359076431E+00
-2.105000E-03,+53.126099E-03,-10.374073290E+00
-2.102500E-03,+53.237071E-03,-10.379176933E+00
-2.100000E-03,+53.438337E-03,-10.359076431E+00
-2.097500E-03,+53.780151E-03,-10.359076431E+00
-2.095000E-03,+54.383166E-03,-10.359076431E+00
-2.092500E-03,+54.785176E-03,-10.348895317E+00
-2.090000E-03,+55.187186E-03,-10.338975929E+00
-2.087500E-03,+55.187186E-03,-10.359076431E+00
-2.085000E-03,+54.584171E-03,-10.375905367E+00
-2.082500E-03,+53.866520E-03,-10.359076431E+00
-2.080000E-03,+53.378141E-03,-10.359076431E+00
-2.077500E-03,+53.012510E-03,-10.359076431E+00
-2.075000E-03,+53.355370E-03,-10.371717763E+00
-2.072500E-03,+53.579146E-03,-10.359076431E+00
-2.070000E-03,+54.076685E-03,-10.379176933E+00
-2.067500E-03,+54.388662E-03,-10.359626054E+00
-2.065000E-03,+54.584171E-03,-10.367530158E+00
-2.062500E-03,+54.986181E-03,-10.359076431E+00
-2.060000E-03,+55.123587E-03,-10.372817009E+00
-2.057500E-03,+54.737803E-03,-10.379176933E+00
-2.055000E-03,+53.822812E-03,-10.354810309E+00
-2.052500E-03,+53.241520E-03,-10.359076431E+00
-2.050000E-03,+53.334694E-03,-10.356904111E+00
-2.047500E-03,+53.489897E-03,-10.388101766E+00
-2.045000E-03,+53.780151E-03,-10.359076431E+00
-2.042500E-03,+54.071974E-03,-10.359076431E+00
-2.040000E-03,+54.182161E-03,-10.395246866E+00
-2.037500E-03,+54.723932E-03,-10.359076431E+00
-2.035000E-03,+55.306009E-03,-10.375067846E+00
-2.032500E-03,+55.643373E-03,-10.354182168E+00
-2.030000E-03,+54.723147E-03,-10.372974044E+00
-2.027500E-03,+53.579146E-03,-10.341776389E+00
-2.025000E-03,+53.343069E-03,-10.359076431E+00
-2.022500E-03,+52.983197E-03,-10.359076431E+00
-2.020000E-03,+53.183940E-03,-10.349366423E+00
-2.017500E-03,+53.579146E-03,-10.360463575E+00
-2.015000E-03,+53.731470E-03,-10.346592135E+00
-2.012500E-03,+54.313547E-03,-10.355595485E+00
-2.010000E-03,+54.438390E-03,-10.359076431E+00
-2.007500E-03,+55.041928E-03,-10.359076431E+00
-2.005000E-03,+55.187186E-03,-10.342404530E+00
-2.002500E-03,+54.861861E-03,-10.359076431E+00
-2.000000E-03,+53.793499E-03,-10.359076431E+00
-1.997500E-03,+53.182893E-03,-10.369414580E+00
-1.995000E-03,+53.378141E-03,-10.359835434E+00
-1.992500E-03,+53.295697E-03,-10.367320778E+00
-1.990000E-03,+53.751623E-03,-10.379176933E+00
-1.987500E-03,+53.858145E-03,-10.365226975E+00
-1.985000E-03,+54.182161E-03,-10.364023039E+00
-1.982500E-03,+54.383166E-03,-10.379176933E+00
-1.980000E-03,+54.855580E-03,-10.372136523E+00
-1.977500E-03,+54.966551E-03,-10.361039371E+00
-1.975000E-03,+54.693834E-03,-10.370042721E+00
-1.972500E-03,+53.781459E-03,-10.379046071E+00
-1.970000E-03,+53.289416E-03,-10.370304446E+00
-1.967500E-03,+53.199382E-03,-10.361301096E+00
-1.965000E-03,+53.111704E-03,-10.359076431E+00
-1.962500E-03,+53.263505E-03,-10.374858466E+00
-1.960000E-03,+53.625994E-03,-10.359076431E+00
-1.957500E-03,+54.455925E-03,-10.352664161E+00
-1.955000E-03,+54.357255E-03,-10.361667511E+00
-1.952500E-03,+55.102125E-03,-10.367582503E+00
-1.950000E-03,+54.996126E-03,-10.359076431E+00
-1.947500E-03,+54.774183E-03,-10.369676305E+00
-1.945000E-03,+54.198126E-03,-10.379176933E+00
-1.942500E-03,+53.526277E-03,-10.366483257E+00
-1.940000E-03,+53.140232E-03,-10.375486607E+00
-1.937500E-03,+52.733511E-03,-10.344288952E+00
-1.935000E-03,+53.463463E-03,-10.379176933E+00
-1.932500E-03,+53.812343E-03,-10.359076431E+00
-1.930000E-03,+54.103381E-03,-10.346853860E+00
-1.927500E-03,+54.773922E-03,-10.340101347E+00
-1.925000E-03,+54.785176E-03,-10.349104697E+00
-1.922500E-03,+55.177502E-03,-10.378208550E+00
-1.920000E-03,+54.825481E-03,-10.371141967E+00
-1.917500E-03,+54.120917E-03,-10.362138617E+00
-1.915000E-03,+53.519734E-03,-10.373235769E+00
-1.912500E-03,+53.275021E-03,-10.379176933E+00
-1.910000E-03,+53.378141E-03,-10.342823290E+00
-1.907500E-03,+53.724141E-03,-10.359076431E+00
-1.905000E-03,+53.780151E-03,-10.340729488E+00
-1.902500E-03,+53.859453E-03,-10.349732838E+00
-1.900000E-03,+54.188966E-03,-10.359416674E+00
-1.897500E-03,+55.100555E-03,-10.367739538E+00
-1.895000E-03,+55.388191E-03,-10.376742888E+00
-1.892500E-03,+54.781250E-03,-10.345545234E+00
-1.890000E-03,+54.337887E-03,-10.359076431E+00
-1.887500E-03,+53.735396E-03,-10.343451431E+00
-1.885000E-03,+53.177136E-03,-10.365698081E+00
-1.882500E-03,+53.177136E-03,-10.361458131E+00
-1.880000E-03,+53.465295E-03,-10.350360979E+00
-1.877500E-03,+53.381020E-03,-10.359076431E+00
-1.875000E-03,+53.888243E-03,-10.380694940E+00
-1.872500E-03,+54.566112E-03,-10.359076431E+00
-1.870000E-03,+54.656145E-03,-10.379176933E+00
-1.867500E-03,+55.187186E-03,-10.362976138E+00
-1.865000E-03,+54.887249E-03,-10.374073290E+00
-1.862500E-03,+54.383166E-03,-10.359076431E+00
-1.860000E-03,+53.750052E-03,-10.362086272E+00
-1.857500E-03,+53.258009E-03,-10.371089622E+00
-1.855000E-03,+53.186296E-03,-10.358160393E+00
-1.852500E-03,+53.276329E-03,-10.348895317E+00
-1.850000E-03,+53.780151E-03,-10.359076431E+00
-1.847500E-03,+54.059411E-03,-10.366902017E+00
-1.845000E-03,+54.046587E-03,-10.362347997E+00
-1.842500E-03,+54.928863E-03,-10.364808215E+00
-1.840000E-03,+55.133532E-03,-10.373811565E+00
-1.837500E-03,+54.949801E-03,-10.359076431E+00
-1.835000E-03,+54.256752E-03,-10.379176933E+00
-1.832500E-03,+53.795592E-03,-10.340520108E+00
-1.830000E-03,+52.890546E-03,-10.359076431E+00
-1.827500E-03,+53.182632E-03,-10.378627310E+00
-1.825000E-03,+53.727544E-03,-10.359076431E+00
-1.822500E-03,+53.457443E-03,-10.336332503E+00
-1.820000E-03,+54.128769E-03,-10.359076431E+00
-1.817500E-03,+54.584171E-03,-10.374439706E+00
-1.815000E-03,+55.028842E-03,-10.354810309E+00
-1.812500E-03,+54.921796E-03,-10.338975929E+00
-1.810000E-03,+54.828622E-03,-10.359076431E+00
-1.807500E-03,+54.673419E-03,-10.359076431E+00
-1.805000E-03,+53.779365E-03,-10.399120400E+00
-1.802500E-03,+53.066949E-03,-10.359076431E+00
-1.800000E-03,+53.036589E-03,-10.359076431E+00
-1.797500E-03,+53.247016E-03,-10.372188868E+00
-1.795000E-03,+53.821241E-03,-10.354967344E+00
-1.792500E-03,+53.981156E-03,-10.384071196E+00
-1.790000E-03,+54.244190E-03,-10.359076431E+00
-1.787500E-03,+54.294179E-03,-10.376376473E+00
-1.785000E-03,+55.187186E-03,-10.370880242E+00
-1.782500E-03,+55.395257E-03,-10.359783089E+00
-1.780000E-03,+54.681271E-03,-10.349366423E+00
-1.777500E-03,+54.182161E-03,-10.377789789E+00
-1.775000E-03,+53.177136E-03,-10.359076431E+00
-1.772500E-03,+53.211945E-03,-10.345937821E+00
-1.770000E-03,+53.433365E-03,-10.364598835E+00
-1.767500E-03,+53.232883E-03,-10.373602185E+00
-1.765000E-03,+54.113589E-03,-10.375748332E+00
-1.762500E-03,+54.507485E-03,-10.359076431E+00
-1.760000E-03,+54.383166E-03,-10.359076431E+00
-1.757500E-03,+55.187186E-03,-10.368838784E+00
-1.755000E-03,+54.800356E-03,-10.359835434E+00
-1.752500E-03,+54.702732E-03,-10.367320778E+00
-1.750000E-03,+53.435197E-03,-10.359076431E+00
-1.747500E-03,+53.222152E-03,-10.359076431E+00
-1.745000E-03,+52.926664E-03,-10.359076431E+00
-1.742500E-03,+53.337573E-03,-10.379176933E+00
-1.740000E-03,+53.709746E-03,-10.366116841E+00
-1.737500E-03,+53.437029E-03,-10.340938868E+00
-1.735000E-03,+54.182161E-03,-10.370042721E+00
-1.732500E-03,+54.982255E-03,-10.359207294E+00
-1.730000E-03,+55.074906E-03,-10.365593391E+00
-1.727500E-03,+54.807422E-03,-10.379176933E+00
-1.725000E-03,+54.785176E-03,-10.379176933E+00
-1.722500E-03,+53.937971E-03,-10.354757964E+00
-1.720000E-03,+53.532297E-03,-10.343660811E+00
-1.717500E-03,+52.839248E-03,-10.359076431E+00
-1.715000E-03,+53.053863E-03,-10.376585853E+00
-1.712500E-03,+53.664206E-03,-10.379176933E+00
-1.710000E-03,+53.780151E-03,-10.359076431E+00
-1.707500E-03,+54.076162E-03,-10.368577059E+00
-1.705000E-03,+54.600136E-03,-10.359076431E+00
-1.702500E-03,+55.060249E-03,-10.371770108E+00
-1.700000E-03,+55.224089E-03,-10.379176933E+00
-1.697500E-03,+54.732045E-03,-10.344288952E+00
-1.695000E-03,+54.093959E-03,-10.373392804E+00
-1.692500E-03,+53.378141E-03,-10.396058215E+00
-1.690000E-03,+53.177136E-03,-10.359076431E+00
-1.687500E-03,+53.165881E-03,-10.379176933E+00
-1.685000E-03,+53.680433E-03,-10.369205200E+00
-1.682500E-03,+53.780151E-03,-10.338975929E+00
-1.680000E-03,+54.302816E-03,-10.347010895E+00
-1.677500E-03,+54.584171E-03,-10.356014245E+00
-1.675000E-03,+54.986181E-03,-10.359076431E+00
-1.672500E-03,+55.037741E-03,-10.364232419E+00
-1.670000E-03,+54.986181E-03,-10.359076431E+00
-1.667500E-03,+54.254659E-03,-10.346225719E+00
-1.665000E-03,+53.395676E-03,-10.359076431E+00
-1.662500E-03,+53.177136E-03,-10.359076431E+00
-1.660000E-03,+53.173733E-03,-10.359076431E+00
-1.657500E-03,+53.263767E-03,-10.367739538E+00
-1.655000E-03,+53.579146E-03,-10.359076431E+00
-1.652500E-03,+54.313547E-03,-10.352507126E+00
-1.650000E-03,+54.182161E-03,-10.363604279E+00
-1.647500E-03,+54.718436E-03,-10.359076431E+00
-1.645000E-03,+55.255758E-03,-10.365698081E+00
-1.642500E-03,+55.115735E-03,-10.376795233E+00
-1.640000E-03,+54.269315E-03,-10.370461481E+00
-1.637500E-03,+53.780151E-03,-10.359076431E+00
-1.635000E-03,+52.868038E-03,-10.359076431E+00
-1.632500E-03,+53.195195E-03,-10.359076431E+00
-1.630000E-03,+53.306166E-03,-10.364782042E+00
-1.627500E-03,+53.456135E-03,-10.362976138E+00
-1.625000E-03,+53.981156E-03,-10.364180074E+00
-1.622500E-03,+54.160961E-03,-10.344969438E+00
-1.620000E-03,+54.785176E-03,-10.362086272E+00
-1.617500E-03,+55.268059E-03,-10.367163742E+00
-1.615000E-03,+54.602491E-03,-10.397445359E+00
-1.612500E-03,+54.281355E-03,-10.368995820E+00
-1.610000E-03,+53.768373E-03,-10.359076431E+00
-1.607500E-03,+53.299885E-03,-10.359076431E+00
-1.605000E-03,+53.546430E-03,-10.355804865E+00
-1.602500E-03,+53.521828E-03,-10.359076431E+00
-1.600000E-03,+53.726497E-03,-10.359076431E+00
-1.597500E-03,+53.981156E-03,-10.362714413E+00
-1.595000E-03,+54.130339E-03,-10.366535602E+00
-1.592500E-03,+54.970739E-03,-10.359076431E+00
-1.590000E-03,+54.986181E-03,-10.388729906E+00
-1.587500E-03,+55.192682E-03,-10.359076431E+00
-1.585000E-03,+54.668708E-03,-10.359076431E+00
-1.582500E-03,+53.753716E-03,-10.376533508E+00
-1.580000E-03,+53.314541E-03,-10.359076431E+00
-1.577500E-03,+53.177136E-03,-10.359076431E+00
-1.575000E-03,+53.219797E-03,-10.374910811E+00
-1.572500E-03,+53.981156E-03,-10.372345903E+00
-1.570000E-03,+53.622592E-03,-10.361248751E+00
-1.567500E-03,+54.360657E-03,-10.359076431E+00
-1.565000E-03,+54.785961E-03,-10.359076431E+00
-1.562500E-03,+54.875994E-03,-10.357139664E+00
-1.560000E-03,+54.986181E-03,-10.357061146E+00
-1.557500E-03,+54.645414E-03,-10.352088366E+00
-1.555000E-03,+53.697969E-03,-10.359076431E+00
-1.552500E-03,+53.633323E-03,-10.374282670E+00
-1.550000E-03,+53.316112E-03,-10.345178818E+00
-1.547500E-03,+53.551141E-03,-10.359076431E+00
-1.545000E-03,+53.697184E-03,-10.370880242E+00
-1.542500E-03,+53.988222E-03,-10.359783089E+00
-1.540000E-03,+54.383166E-03,-10.369466925E+00
-1.537500E-03,+54.598042E-03,-10.359076431E+00
-1.535000E-03,+54.785176E-03,-10.384045024E+00
-1.532500E-03,+55.020990E-03,-10.359076431E+00
-1.530000E-03,+54.729952E-03,-10.368132126E+00
-1.527500E-03,+53.869661E-03,-10.373602185E+00
-1.525000E-03,+53.245708E-03,-10.362505032E+00
-1.522500E-03,+53.129502E-03,-10.383940334E+00
-1.520000E-03,+53.190484E-03,-10.360411230E+00
-1.517500E-03,+53.573388E-03,-10.359076431E+00
-1.515000E-03,+53.996336E-03,-10.358317428E+00
-1.512500E-03,+54.182161E-03,-10.359076431E+00
-1.510000E-03,+55.130130E-03,-10.359076431E+00
-1.507500E-03,+55.047686E-03,-10.373026389E+00
-1.505000E-03,+55.187186E-03,-10.359076431E+00
-1.502500E-03,+54.504868E-03,-10.355019689E+00
-1.500000E-03,+53.579146E-03,-10.346016339E+00
-1.497500E-03,+53.579146E-03,-10.340938868E+00
-1.495000E-03,+53.579146E-03,-10.370042721E+00
-1.492500E-03,+53.579146E-03,-10.359076431E+00
-1.490000E-03,+53.513976E-03,-10.350203944E+00
-1.487500E-03,+54.137667E-03,-10.361301096E+00
-1.485000E-03,+54.182161E-03,-10.359076431E+00
-1.482500E-03,+54.110710E-03,-10.354757964E+00
-1.480000E-03,+55.247644E-03,-10.363761314E+00
-1.477500E-03,+55.187186E-03,-10.345388198E+00
-1.475000E-03,+54.610081E-03,-10.359076431E+00
-1.472500E-03,+53.896095E-03,-10.355988073E+00
-1.470000E-03,+53.383113E-03,-10.359076431E+00
-1.467500E-03,+53.166143E-03,-10.379176933E+00
-1.465000E-03,+53.378141E-03,-10.360672955E+00
-1.462500E-03,+53.981156E-03,-10.346382754E+00
-1.460000E-03,+54.108354E-03,-10.338975929E+00
-1.457500E-03,+54.182161E-03,-10.364389454E+00
-1.455000E-03,+54.584171E-03,-10.364860560E+00
-1.452500E-03,+54.752984E-03,-10.362295652E+00
-1.450000E-03,+54.907401E-03,-10.383521573E+00
-1.447500E-03,+54.796430E-03,-10.360201850E+00
-1.445000E-03,+54.080873E-03,-10.359076431E+00
-1.442500E-03,+53.005182E-03,-10.359076431E+00
-1.440000E-03,+53.257485E-03,-10.371141967E+00
-1.437500E-03,+53.115892E-03,-10.379176933E+00
-1.435000E-03,+53.720739E-03,-10.359076431E+00
-1.432500E-03,+54.182161E-03,-10.379176933E+00
-1.430000E-03,+54.267745E-03,-10.342823291E+00
-1.427500E-03,+54.712678E-03,-10.359076431E+00
-1.425000E-03,+54.968645E-03,-10.342483048E+00
-1.422500E-03,+54.691740E-03,-10.369833340E+00
-1.420000E-03,+54.982778E-03,-10.359076431E+00
-1.417500E-03,+54.268792E-03,-10.367739538E+00
-1.415000E-03,+53.378141E-03,-10.374308843E+00
-1.412500E-03,+53.374215E-03,-10.352507126E+00
-1.410000E-03,+53.689594E-03,-10.348031624E+00
-1.407500E-03,+53.378141E-03,-10.379176933E+00
-1.405000E-03,+53.576790E-03,-10.352454781E+00
-1.402500E-03,+54.004973E-03,-10.359076431E+00
-1.400000E-03,+54.584171E-03,-10.361746029E+00
-1.397500E-03,+54.785176E-03,-10.378889035E+00
-1.395000E-03,+54.677083E-03,-10.379176933E+00
-1.392500E-03,+54.767117E-03,-10.359076431E+00
-1.390000E-03,+54.167242E-03,-10.371979488E+00
-1.387500E-03,+53.378141E-03,-10.359076431E+00
-1.385000E-03,+52.976131E-03,-10.353972788E+00
-1.382500E-03,+53.237071E-03,-10.365069940E+00
-1.380000E-03,+54.091865E-03,-10.376167092E+00
-1.377500E-03,+53.498272E-03,-10.350989120E+00
-1.375000E-03,+53.971995E-03,-10.338975929E+00
-1.372500E-03,+54.182161E-03,-10.359076431E+00
-1.370000E-03,+54.986181E-03,-10.359076431E+00
-1.367500E-03,+55.265442E-03,-10.359076431E+00
-1.365000E-03,+54.850607E-03,-10.355804865E+00
-1.362500E-03,+54.153109E-03,-10.379176933E+00
-1.360000E-03,+53.338097E-03,-10.359076431E+00
-1.357500E-03,+53.414520E-03,-10.342613910E+00
-1.355000E-03,+53.102544E-03,-10.366535602E+00
-1.352500E-03,+53.579146E-03,-10.359076431E+00
-1.350000E-03,+53.981156E-03,-10.338975929E+00
-1.347500E-03,+53.791143E-03,-10.358526808E+00
-1.345000E-03,+54.266698E-03,-10.370723206E+00
-1.342500E-03,+54.785176E-03,-10.341619354E+00
-1.340000E-03,+55.187186E-03,-10.372817009E+00
-1.337500E-03,+54.737803E-03,-10.359076431E+00
-1.335000E-03,+54.182161E-03,-10.359076431E+00
-1.332500E-03,+53.780151E-03,-10.372345903E+00
-1.330000E-03,+53.421587E-03,-10.359076431E+00
-1.327500E-03,+53.243875E-03,-10.368001263E+00
-1.325000E-03,+53.779365E-03,-10.359154949E+00
-1.322500E-03,+54.000523E-03,-10.370095066E+00
-1.320000E-03,+54.162008E-03,-10.357061146E+00
-1.317500E-03,+54.715295E-03,-10.379176933E+00
-1.315000E-03,+54.785176E-03,-10.395168349E+00
-1.312500E-03,+55.181951E-03,-10.359076431E+00
-1.310000E-03,+54.986181E-03,-10.359076431E+00
-1.307500E-03,+54.584171E-03,-10.356275970E+00
-1.305000E-03,+53.828046E-03,-10.362583550E+00
-1.302500E-03,+53.378141E-03,-10.359783089E+00
-1.300000E-03,+53.391750E-03,-10.359076431E+00
-1.297500E-03,+53.579146E-03,-10.341750217E+00
-1.295000E-03,+53.828832E-03,-10.346592135E+00
-1.292500E-03,+54.112542E-03,-10.362557377E+00
-1.290000E-03,+54.383166E-03,-10.353554027E+00
-1.287500E-03,+54.964196E-03,-10.350125426E+00
-1.285000E-03,+54.750890E-03,-10.375748332E+00
-1.282500E-03,+54.861861E-03,-10.359076431E+00
-1.280000E-03,+54.557475E-03,-10.359076431E+00
-1.277500E-03,+54.176403E-03,-10.359076431E+00
-1.275000E-03,+53.199906E-03,-10.359076431E+00
-1.272500E-03,+53.094692E-03,-10.367320778E+00
-1.270000E-03,+53.664730E-03,-10.359076431E+00
-1.267500E-03,+53.981156E-03,-10.359076431E+00
-1.265000E-03,+54.234767E-03,-10.348869145E+00
-1.262500E-03,+54.342598E-03,-10.359076431E+00
-1.260000E-03,+54.915777E-03,-10.379176933E+00
-1.257500E-03,+54.824435E-03,-10.359076431E+00
-1.255000E-03,+55.205507E-03,-10.359076431E+00
-1.252500E-03,+54.383166E-03,-10.379046071E+00
-1.250000E-03,+54.028266E-03,-10.359076431E+00
-1.247500E-03,+53.579146E-03,-10.341200594E+00
-1.245000E-03,+52.910699E-03,-10.359076431E+00
-1.242500E-03,+53.378141E-03,-10.359076431E+00
-1.240000E-03,+53.887458E-03,-10.374492051E+00
-1.237500E-03,+53.989793E-03,-10.365488701E+00
-1.235000E-03,+54.584171E-03,-10.359076431E+00
-1.232500E-03,+54.437343E-03,-10.362164789E+00
-1.230000E-03,+55.187186E-03,-10.378679655E+00
-1.227500E-03,+54.774183E-03,-10.368577059E+00
-1.225000E-03,+54.230056E-03,-10.377580409E+00
-1.222500E-03,+53.907087E-03,-10.359076431E+00
-1.220000E-03,+53.214039E-03,-10.375486607E+00
-1.217500E-03,+53.378141E-03,-10.373863910E+00
-1.215000E-03,+53.752669E-03,-10.373392804E+00
-1.212500E-03,+53.715766E-03,-10.359076431E+00
-1.210000E-03,+54.304386E-03,-10.359076431E+00
-1.207500E-03,+53.969901E-03,-10.359076431E+00
-1.205000E-03,+54.484453E-03,-10.358919396E+00
-1.202500E-03,+55.167818E-03,-10.378208550E+00
-1.200000E-03,+55.146880E-03,-10.359076431E+00
-1.197500E-03,+54.584171E-03,-10.376114747E+00
-1.195000E-03,+54.323754E-03,-10.379176933E+00
-1.192500E-03,+53.677031E-03,-10.359076431E+00
-1.190000E-03,+53.455088E-03,-10.359076431E+00
-1.187500E-03,+53.579146E-03,-10.351826640E+00
-1.185000E-03,+53.378141E-03,-10.395770317E+00
-1.182500E-03,+54.088725E-03,-10.379176933E+00
-1.180000E-03,+53.991363E-03,-10.359416674E+00
-1.177500E-03,+54.556428E-03,-10.367739538E+00
-1.175000E-03,+55.162845E-03,-10.376742888E+00
-1.172500E-03,+55.256805E-03,-10.345545234E+00
-1.170000E-03,+54.785176E-03,-10.374649086E+00
-1.167500E-03,+54.092651E-03,-10.359076431E+00
-1.165000E-03,+53.647718E-03,-10.379176933E+00
-1.162500E-03,+53.200953E-03,-10.376795233E+00
-1.160000E-03,+53.491991E-03,-10.350360979E+00
-1.157500E-03,+54.182161E-03,-10.339263827E+00
-1.155000E-03,+54.089248E-03,-10.357558424E+00
-1.152500E-03,+54.548053E-03,-10.375565124E+00
-1.150000E-03,+54.326110E-03,-10.379176933E+00
-1.147500E-03,+54.662165E-03,-10.379176933E+00
-1.145000E-03,+54.785176E-03,-10.379176933E+00
-1.142500E-03,+55.067316E-03,-10.359076431E+00
-1.140000E-03,+54.011254E-03,-10.362086272E+00
-1.137500E-03,+53.579146E-03,-10.371089622E+00
-1.135000E-03,+53.387301E-03,-10.378260895E+00
-1.132500E-03,+53.378141E-03,-10.359076431E+00
-1.130000E-03,+54.359610E-03,-10.359076431E+00
-1.127500E-03,+54.148398E-03,-10.366902017E+00
-1.125000E-03,+54.285019E-03,-10.359076431E+00
-1.122500E-03,+54.670540E-03,-10.364808215E+00
-1.120000E-03,+54.785176E-03,-10.379176933E+00
-1.117500E-03,+54.656930E-03,-10.375538952E+00
-1.115000E-03,+54.785176E-03,-10.359076431E+00
-1.112500E-03,+54.166719E-03,-10.360620610E+00
-1.110000E-03,+53.473670E-03,-10.359076431E+00
-1.107500E-03,+53.193624E-03,-10.359076431E+00
-1.105000E-03,+53.346210E-03,-10.350622704E+00
-1.102500E-03,+53.552711E-03,-10.359076431E+00
-1.100000E-03,+53.907349E-03,-10.372817009E+00
-1.097500E-03,+53.886411E-03,-10.359076431E+00
-1.095000E-03,+54.139499E-03,-10.359076431E+00
-1.092500E-03,+54.712940E-03,-10.359076431E+00
-1.090000E-03,+55.366468E-03,-10.374832293E+00
-1.087500E-03,+54.695927E-03,-10.359076431E+00
-1.085000E-03,+54.182946E-03,-10.359076431E+00
-1.082500E-03,+53.890337E-03,-10.338975929E+00
-1.080000E-03,+53.579146E-03,-10.359076431E+00
-1.077500E-03,+53.509265E-03,-10.359076431E+00
-1.075000E-03,+53.620236E-03,-10.359076431E+00
-1.072500E-03,+54.030098E-03,-10.363970694E+00
-1.070000E-03,+54.244190E-03,-10.345178818E+00
-1.067500E-03,+53.981156E-03,-10.361876892E+00
-1.065000E-03,+54.868143E-03,-10.359076431E+00
-1.062500E-03,+54.598304E-03,-10.377763617E+00
-1.060000E-03,+54.791981E-03,-10.359076431E+00
-1.057500E-03,+54.369294E-03,-10.396503148E+00
-1.055000E-03,+53.655308E-03,-10.351460225E+00
-1.052500E-03,+53.412950E-03,-10.362557377E+00
-1.050000E-03,+53.177136E-03,-10.379176933E+00
-1.047500E-03,+53.634893E-03,-10.364651180E+00
-1.045000E-03,+54.348880E-03,-10.359076431E+00
-1.042500E-03,+54.028790E-03,-10.366744982E+00
-1.040000E-03,+54.208857E-03,-10.359076431E+00
-1.037500E-03,+54.779418E-03,-10.379176933E+00
-1.035000E-03,+54.971001E-03,-10.359076431E+00
-1.032500E-03,+54.950063E-03,-10.355464622E+00
-1.030000E-03,+54.641227E-03,-10.338975929E+00
-1.027500E-03,+53.763662E-03,-10.351277017E+00
-1.025000E-03,+53.226602E-03,-10.379176933E+00
-1.022500E-03,+53.579146E-03,-10.359076431E+00
-1.020000E-03,+53.438337E-03,-10.366116841E+00
-1.017500E-03,+54.162531E-03,-10.377213994E+00
-1.015000E-03,+54.273503E-03,-10.359076431E+00
-1.012500E-03,+54.584171E-03,-10.339106791E+00
-1.010000E-03,+54.607726E-03,-10.361431959E+00
-1.007500E-03,+54.986181E-03,-10.376952268E+00
-1.005000E-03,+55.051612E-03,-10.372398248E+00
-1.002500E-03,+54.655622E-03,-10.354757964E+00
-1.000000E-03,+53.826999E-03,-10.379176933E+00
-997.500E-06,+53.168499E-03,-10.365488701E+00
-995.000E-06,+53.151225E-03,-10.361667511E+00
-992.500E-06,+53.780151E-03,-10.359076431E+00
-990.000E-06,+53.780151E-03,-10.359076431E+00
-987.500E-06,+54.087154E-03,-10.359076431E+00
-985.000E-06,+54.383166E-03,-10.359076431E+00
-982.500E-06,+54.785176E-03,-10.377056958E+00
-980.000E-06,+55.076476E-03,-10.362766758E+00
-977.500E-06,+54.986181E-03,-10.383338365E+00
-975.000E-06,+54.611652E-03,-10.364860560E+00
-972.500E-06,+53.209328E-03,-10.372738491E+00
-970.000E-06,+53.378141E-03,-10.359076431E+00
-967.500E-06,+52.987385E-03,-10.378051515E+00
-965.000E-06,+53.778580E-03,-10.359076431E+00
-962.500E-06,+53.588829E-03,-10.359076431E+00
-960.000E-06,+53.820195E-03,-10.367111397E+00
-957.500E-06,+54.073021E-03,-10.376114747E+00
-955.000E-06,+54.465347E-03,-10.365017595E+00
-952.500E-06,+55.037741E-03,-10.353920443E+00
-950.000E-06,+55.148712E-03,-10.379176933E+00
-947.500E-06,+54.801664E-03,-10.359076431E+00
-945.000E-06,+53.780151E-03,-10.359076431E+00
-942.500E-06,+53.364007E-03,-10.357663114E+00
-940.000E-06,+52.982935E-03,-10.359076431E+00
-937.500E-06,+53.894525E-03,-10.359076431E+00
-935.000E-06,+53.956815E-03,-10.376742888E+00
-932.500E-06,+54.452785E-03,-10.345545234E+00
-930.000E-06,+53.981156E-03,-10.343503776E+00
-927.500E-06,+54.785176E-03,-10.374701431E+00
-925.000E-06,+55.184830E-03,-10.365698081E+00
-922.500E-06,+54.986181E-03,-10.376795233E+00
-920.000E-06,+54.758480E-03,-10.367791883E+00
-917.500E-06,+53.584904E-03,-10.359364329E+00
-915.000E-06,+53.780151E-03,-10.369885685E+00
-912.500E-06,+53.195195E-03,-10.342587738E+00
-910.000E-06,+53.636202E-03,-10.351878986E+00
-907.500E-06,+53.819148E-03,-10.362976138E+00
-905.000E-06,+53.981156E-03,-10.364180074E+00
-902.500E-06,+53.900021E-03,-10.359076431E+00
-900.000E-06,+54.212259E-03,-10.376167092E+00
-897.500E-06,+54.905308E-03,-10.367163742E+00
-895.000E-06,+54.785176E-03,-10.359992470E+00
-892.500E-06,+54.787793E-03,-10.348895317E+00
-890.000E-06,+54.182161E-03,-10.360254195E+00
-887.500E-06,+53.500890E-03,-10.354627101E+00
-885.000E-06,+53.780151E-03,-10.375905367E+00
-882.500E-06,+53.521828E-03,-10.359076431E+00
-880.000E-06,+53.686453E-03,-10.359076431E+00
-877.500E-06,+53.579146E-03,-10.359076431E+00
-875.000E-06,+53.802921E-03,-10.359076431E+00
-872.500E-06,+54.213044E-03,-10.359076431E+00
-870.000E-06,+55.081710E-03,-10.360070987E+00
-867.500E-06,+55.187186E-03,-10.359076431E+00
-865.000E-06,+54.901643E-03,-10.370723206E+00
-862.500E-06,+54.182161E-03,-10.341619354E+00
-860.000E-06,+53.589353E-03,-10.352716506E+00
-857.500E-06,+53.224508E-03,-10.374439706E+00
-855.000E-06,+53.463463E-03,-10.343242051E+00
-852.500E-06,+53.446451E-03,-10.372345903E+00
-850.000E-06,+53.981156E-03,-10.374832293E+00
-847.500E-06,+54.092912E-03,-10.379176933E+00
-845.000E-06,+54.182946E-03,-10.359076431E+00
-842.500E-06,+54.785176E-03,-10.359076431E+00
-840.000E-06,+54.966028E-03,-10.359076431E+00
-837.500E-06,+54.846419E-03,-10.352952059E+00
-835.000E-06,+54.424257E-03,-10.343085016E+00
-832.500E-06,+53.731208E-03,-10.379176933E+00
-830.000E-06,+53.579146E-03,-10.372974044E+00
-827.500E-06,+53.523136E-03,-10.341776389E+00
-825.000E-06,+53.697184E-03,-10.367373123E+00
-822.500E-06,+53.787217E-03,-10.359076431E+00
-820.000E-06,+54.091865E-03,-10.348685937E+00
-817.500E-06,+54.168289E-03,-10.360463575E+00
-815.000E-06,+54.785176E-03,-10.351460225E+00
-812.500E-06,+55.187186E-03,-10.375695987E+00
-810.000E-06,+54.584171E-03,-10.359076431E+00
-807.500E-06,+53.947393E-03,-10.359076431E+00
-805.000E-06,+53.510574E-03,-10.359076431E+00
-802.500E-06,+53.655831E-03,-10.371508382E+00
-800.000E-06,+53.740107E-03,-10.360411230E+00
-797.500E-06,+53.780151E-03,-10.359076431E+00
-795.000E-06,+53.780151E-03,-10.358317428E+00
-792.500E-06,+53.898712E-03,-10.338975929E+00
-790.000E-06,+54.584171E-03,-10.359076431E+00
-787.500E-06,+54.645676E-03,-10.365226975E+00
-785.000E-06,+54.683103E-03,-10.359076431E+00
-782.500E-06,+54.986181E-03,-10.363133173E+00
-780.000E-06,+54.312762E-03,-10.372136523E+00
-777.500E-06,+53.981156E-03,-10.359076431E+00
-775.000E-06,+53.268478E-03,-10.348110141E+00
-772.500E-06,+53.178444E-03,-10.359076431E+00
-770.000E-06,+53.691426E-03,-10.370304446E+00
-767.500E-06,+53.780151E-03,-10.341200594E+00
-765.000E-06,+53.981156E-03,-10.359076431E+00
-762.500E-06,+54.067525E-03,-10.359076431E+00
-760.000E-06,+55.093488E-03,-10.359076431E+00
-757.500E-06,+55.123063E-03,-10.379176933E+00
-755.000E-06,+54.986181E-03,-10.359076431E+00
-752.500E-06,+54.529994E-03,-10.347482001E+00
-750.000E-06,+53.976183E-03,-10.339473207E+00
-747.500E-06,+52.987123E-03,-10.359076431E+00
-745.000E-06,+53.394106E-03,-10.359076431E+00
-742.500E-06,+53.304072E-03,-10.364363282E+00
-740.000E-06,+53.652952E-03,-10.359076431E+00
-737.500E-06,+54.182161E-03,-10.364389454E+00
-735.000E-06,+54.124319E-03,-10.359076431E+00
-732.500E-06,+54.889604E-03,-10.362295652E+00
-730.000E-06,+55.510416E-03,-10.359076431E+00
-727.500E-06,+55.376937E-03,-10.360201850E+00
-725.000E-06,+54.383166E-03,-10.369205200E+00
-722.500E-06,+53.961788E-03,-10.359076431E+00
-720.000E-06,+53.498796E-03,-10.359076431E+00
-717.500E-06,+53.207757E-03,-10.345100300E+00
-715.000E-06,+53.437552E-03,-10.373235769E+00
-712.500E-06,+53.579146E-03,-10.359076431E+00
-710.000E-06,+54.182161E-03,-10.359076431E+00
-707.500E-06,+54.439175E-03,-10.351826640E+00
-705.000E-06,+54.750105E-03,-10.338975929E+00
-702.500E-06,+55.280622E-03,-10.368420024E+00
-700.000E-06,+54.982778E-03,-10.338975929E+00
-697.500E-06,+54.670802E-03,-10.338975929E+00
-695.000E-06,+53.981156E-03,-10.343844019E+00
-692.500E-06,+53.181061E-03,-10.352507126E+00
-690.000E-06,+53.157244E-03,-10.363604279E+00
-687.500E-06,+53.579146E-03,-10.359076431E+00
-685.000E-06,+53.780151E-03,-10.365698081E+00
-682.500E-06,+54.028790E-03,-10.341357629E+00
-680.000E-06,+54.182161E-03,-10.370461481E+00
-677.500E-06,+54.782297E-03,-10.378889035E+00
-675.000E-06,+55.094273E-03,-10.368367679E+00
-672.500E-06,+54.968122E-03,-10.359076431E+00
-670.000E-06,+54.827313E-03,-10.351878986E+00
-667.500E-06,+53.981156E-03,-10.362976138E+00
-665.000E-06,+53.228172E-03,-10.369283717E+00
-662.500E-06,+53.356941E-03,-10.379176933E+00
-660.000E-06,+53.579146E-03,-10.356066590E+00
-657.500E-06,+53.780151E-03,-10.359076431E+00
-655.000E-06,+53.990316E-03,-10.359076431E+00
-652.500E-06,+54.182161E-03,-10.369257545E+00
-650.000E-06,+54.773398E-03,-10.377999170E+00
-647.500E-06,+55.064437E-03,-10.354627101E+00
-645.000E-06,+55.388191E-03,-10.359076431E+00
-642.500E-06,+54.670540E-03,-10.359076431E+00
-640.000E-06,+53.833804E-03,-10.364441799E+00
-637.500E-06,+53.213515E-03,-10.338975929E+00
-635.000E-06,+53.303549E-03,-10.371717763E+00
-632.500E-06,+53.378141E-03,-10.377632754E+00
-630.000E-06,+53.684621E-03,-10.359076431E+00
-627.500E-06,+53.785647E-03,-10.359626054E+00
-625.000E-06,+54.214091E-03,-10.359076431E+00
-622.500E-06,+54.287898E-03,-10.359076431E+00
-620.000E-06,+54.848775E-03,-10.379176933E+00
-617.500E-06,+55.045069E-03,-10.374439706E+00
-615.000E-06,+54.584171E-03,-10.343242051E+00
-612.500E-06,+54.182161E-03,-10.372345903E+00
-610.000E-06,+53.220582E-03,-10.359076431E+00
-607.500E-06,+53.467389E-03,-10.370252101E+00
-605.000E-06,+53.177136E-03,-10.359076431E+00
-602.500E-06,+53.559778E-03,-10.359076431E+00
-600.000E-06,+54.001308E-03,-10.359076431E+00
-597.500E-06,+54.182161E-03,-10.366064496E+00
-595.000E-06,+54.584171E-03,-10.359076431E+00
-592.500E-06,+55.138243E-03,-10.338975929E+00
-590.000E-06,+55.326162E-03,-10.338975929E+00
-587.500E-06,+54.584171E-03,-10.359076431E+00
-585.000E-06,+54.265128E-03,-10.359076431E+00
-582.500E-06,+53.385207E-03,-10.359076431E+00
-580.000E-06,+53.274236E-03,-10.349366423E+00
-577.500E-06,+53.378141E-03,-10.359076431E+00
-575.000E-06,+53.828832E-03,-10.359076431E+00
-572.500E-06,+53.579146E-03,-10.355595485E+00
-570.000E-06,+53.835375E-03,-10.353554027E+00
-567.500E-06,+54.092651E-03,-10.338975929E+00
-565.000E-06,+54.486024E-03,-10.359076431E+00
-562.500E-06,+55.187186E-03,-10.359076431E+00
-560.000E-06,+54.584171E-03,-10.338975929E+00
-557.500E-06,+54.084537E-03,-10.358500635E+00
-555.000E-06,+53.586736E-03,-10.359076431E+00
-552.500E-06,+52.893687E-03,-10.350832084E+00
-550.000E-06,+53.723094E-03,-10.356223625E+00
-547.500E-06,+53.579146E-03,-10.352925887E+00
-545.000E-06,+53.579146E-03,-10.354129823E+00
-542.500E-06,+54.101026E-03,-10.367006707E+00
-540.000E-06,+54.383166E-03,-10.359076431E+00
-537.500E-06,+54.804805E-03,-10.338975929E+00
-535.000E-06,+55.589196E-03,-10.359076431E+00
-532.500E-06,+54.986181E-03,-10.359076431E+00
-530.000E-06,+54.294441E-03,-10.338975929E+00
-527.500E-06,+53.780151E-03,-10.356851766E+00
-525.000E-06,+53.378141E-03,-10.359076431E+00
-522.500E-06,+53.105685E-03,-10.338975929E+00
-520.000E-06,+53.378141E-03,-10.374492051E+00
-517.500E-06,+53.579146E-03,-10.359076431E+00
-515.000E-06,+54.156250E-03,-10.359076431E+00
-512.500E-06,+54.584171E-03,-10.338975929E+00
-510.000E-06,+54.584171E-03,-10.338975929E+00
-507.500E-06,+55.282192E-03,-10.338975929E+00
-505.000E-06,+54.817106E-03,-10.338975929E+00
-502.500E-06,+54.383166E-03,-10.331569103E+00
-500.000E-06,+53.780151E-03,-10.342666255E+00
-497.500E-06,+53.177136E-03,-10.324188450E+00
-495.000E-06,+53.865473E-03,-10.324659555E+00
-492.500E-06,+53.546953E-03,-10.342195150E+00
-490.000E-06,+54.024602E-03,-10.346853860E+00
-487.500E-06,+53.981156E-03,-10.321126264E+00
-485.000E-06,+54.182161E-03,-10.349104697E+00
-482.500E-06,+54.785176E-03,-10.338007545E+00
-480.000E-06,+55.428496E-03,-10.326910393E+00
-477.500E-06,+55.326947E-03,-10.338975929E+00
-475.000E-06,+54.584171E-03,-10.324816591E+00
-472.500E-06,+53.733825E-03,-10.329187403E+00
-470.000E-06,+53.339667E-03,-10.335128567E+00
-467.500E-06,+53.193624E-03,-10.318875426E+00
-465.000E-06,+53.229742E-03,-10.337222369E+00
-462.500E-06,+53.887720E-03,-10.329632336E+00
-460.000E-06,+54.178758E-03,-10.318875426E+00
-457.500E-06,+54.324277E-03,-10.330312822E+00
-455.000E-06,+54.584171E-03,-10.354208341E+00
-452.500E-06,+54.850869E-03,-10.338975929E+00
-450.000E-06,+55.141907E-03,-10.307830619E+00
-447.500E-06,+54.628926E-03,-10.323350929E+00
-445.000E-06,+54.047372E-03,-10.318875426E+00
-442.500E-06,+53.507695E-03,-10.354313031E+00
-440.000E-06,+53.378141E-03,-10.310159974E+00
-437.500E-06,+53.579146E-03,-10.318875426E+00
-435.000E-06,+53.687238E-03,-10.318875426E+00
-432.500E-06,+54.017274E-03,-10.300580829E+00
-430.000E-06,+54.383166E-03,-10.311677981E+00
-427.500E-06,+54.947184E-03,-10.318875426E+00
-425.000E-06,+55.589196E-03,-10.313771783E+00
-422.500E-06,+55.328256E-03,-10.304768433E+00
-420.000E-06,+54.785176E-03,-10.301784765E+00
-417.500E-06,+53.939541E-03,-10.298774924E+00
-415.000E-06,+53.387301E-03,-10.299690963E+00
-412.500E-06,+53.276329E-03,-10.308694313E+00
-410.000E-06,+53.378141E-03,-10.317697663E+00
-407.500E-06,+53.780151E-03,-10.318875426E+00
-405.000E-06,+54.046587E-03,-10.295503358E+00
-402.500E-06,+54.038473E-03,-10.284406206E+00
-400.000E-06,+54.584171E-03,-10.293409556E+00
-397.500E-06,+55.150806E-03,-10.278674422E+00
-395.000E-06,+55.514604E-03,-10.286133593E+00
-392.500E-06,+54.615054E-03,-10.278674422E+00
-390.000E-06,+53.991101E-03,-10.289221951E+00
-387.500E-06,+53.774654E-03,-10.279224045E+00
-385.000E-06,+53.462678E-03,-10.270220695E+00
-382.500E-06,+53.404575E-03,-10.281317847E+00
-380.000E-06,+54.118561E-03,-10.292415000E+00
-377.500E-06,+54.229533E-03,-10.273937194E+00
-375.000E-06,+54.224822E-03,-10.258573920E+00
-372.500E-06,+54.716865E-03,-10.258573920E+00
-370.000E-06,+55.165463E-03,-10.276502102E+00
-367.500E-06,+55.052921E-03,-10.238473417E+00
-365.000E-06,+55.186401E-03,-10.278595904E+00
-362.500E-06,+54.493352E-03,-10.258573920E+00
-360.000E-06,+53.579146E-03,-10.256558635E+00
-357.500E-06,+53.448021E-03,-10.238473417E+00
-355.000E-06,+53.981156E-03,-10.238473417E+00
-352.500E-06,+53.780151E-03,-10.238473417E+00
-350.000E-06,+54.244190E-03,-10.238473417E+00
-347.500E-06,+54.785176E-03,-10.238473417E+00
-345.000E-06,+54.868143E-03,-10.218372915E+00
-342.500E-06,+55.187186E-03,-10.199685729E+00
-340.000E-06,+55.589196E-03,-10.228763409E+00
-337.500E-06,+55.000052E-03,-10.218372915E+00
-335.000E-06,+54.757695E-03,-10.218372915E+00
-332.500E-06,+53.579146E-03,-10.218372915E+00
-330.000E-06,+53.523922E-03,-10.212850511E+00
-327.500E-06,+53.634893E-03,-10.198272413E+00
-325.000E-06,+54.015442E-03,-10.181600512E+00
-322.500E-06,+54.258846E-03,-10.181077061E+00
-320.000E-06,+54.597519E-03,-10.198272413E+00
-317.500E-06,+54.687552E-03,-10.178171910E+00
-315.000E-06,+55.194776E-03,-10.158830411E+00
-312.500E-06,+55.388191E-03,-10.178171910E+00
-310.000E-06,+55.331135E-03,-10.175319105E+00
-307.500E-06,+54.662165E-03,-10.172021366E+00
-305.000E-06,+53.829617E-03,-10.163018016E+00
-302.500E-06,+53.619713E-03,-10.174115168E+00
-300.000E-06,+54.051560E-03,-10.158071408E+00
-297.500E-06,+54.020414E-03,-10.156108468E+00
-295.000E-06,+54.383166E-03,-10.137970906E+00
-292.500E-06,+54.383166E-03,-10.157809683E+00
-290.000E-06,+55.187186E-03,-10.137970906E+00
-287.500E-06,+55.723461E-03,-10.117870403E+00
-285.000E-06,+55.322759E-03,-10.117870403E+00
-282.500E-06,+55.747016E-03,-10.102088368E+00
-280.000E-06,+54.631020E-03,-10.087039164E+00
-277.500E-06,+54.182161E-03,-10.091357632E+00
-275.000E-06,+54.182161E-03,-10.100360982E+00
-272.500E-06,+54.213044E-03,-10.077669399E+00
-270.000E-06,+53.991101E-03,-10.077669399E+00
-267.500E-06,+54.478172E-03,-10.078768645E+00
-265.000E-06,+54.833071E-03,-10.057568897E+00
-262.500E-06,+54.933312E-03,-10.050162071E+00
-260.000E-06,+55.260992E-03,-10.053878570E+00
-257.500E-06,+55.642326E-03,-10.052255873E+00
-255.000E-06,+55.531355E-03,-10.051784768E+00
-252.500E-06,+54.785176E-03,-10.040687615E+00
-250.000E-06,+54.383166E-03,-10.029590463E+00
-247.500E-06,+54.383166E-03,-9.998392808E+00
-245.000E-06,+54.183731E-03,-10.007396158E+00
-242.500E-06,+54.402533E-03,-9.998235773E+00
-240.000E-06,+54.865525E-03,-9.977166887E+00
-237.500E-06,+55.156564E-03,-9.963190757E+00
-235.000E-06,+55.127774E-03,-9.977166887E+00
-232.500E-06,+55.290306E-03,-9.986955413E+00
-230.000E-06,+55.790201E-03,-9.960913747E+00
-227.500E-06,+56.047215E-03,-9.936965883E+00
-225.000E-06,+55.370655E-03,-9.938719442E+00
-222.500E-06,+54.785176E-03,-9.936965883E+00
-220.000E-06,+54.192368E-03,-9.896764878E+00
-217.500E-06,+54.095530E-03,-9.905427985E+00
-215.000E-06,+54.559830E-03,-9.899198923E+00
-212.500E-06,+54.916562E-03,-9.910296076E+00
-210.000E-06,+54.720006E-03,-9.887709183E+00
-207.500E-06,+55.432946E-03,-9.856563874E+00
-205.000E-06,+55.790201E-03,-9.856563874E+00
-202.500E-06,+56.345582E-03,-9.856563874E+00
-200.000E-06,+56.245603E-03,-9.825078321E+00
-197.500E-06,+55.985448E-03,-9.796262367E+00
-195.000E-06,+54.677083E-03,-9.816362869E+00
-192.500E-06,+55.315955E-03,-9.816362869E+00
-190.000E-06,+54.584171E-03,-9.770456253E+00
-187.500E-06,+54.863170E-03,-9.759961069E+00
-185.000E-06,+55.538159E-03,-9.761165005E+00
-182.500E-06,+55.529261E-03,-9.776161864E+00
-180.000E-06,+55.589196E-03,-9.738970701E+00
-177.500E-06,+56.393216E-03,-9.735960860E+00
-175.000E-06,+56.594221E-03,-9.714944319E+00
-172.500E-06,+56.291405E-03,-9.715860358E+00
-170.000E-06,+55.801978E-03,-9.674481589E+00
-167.500E-06,+55.510940E-03,-9.683484939E+00
-165.000E-06,+54.986181E-03,-9.675659353E+00
-162.500E-06,+55.359139E-03,-9.649827067E+00
-160.000E-06,+55.240839E-03,-9.635458348E+00
-157.500E-06,+55.460950E-03,-9.615357846E+00
-155.000E-06,+55.790201E-03,-9.635458348E+00
-152.500E-06,+56.145885E-03,-9.616902025E+00
-150.000E-06,+56.287741E-03,-9.565603868E+00
-147.500E-06,+56.588725E-03,-9.555056339E+00
-145.000E-06,+56.393216E-03,-9.563510066E+00
-142.500E-06,+56.393216E-03,-9.575156841E+00
-140.000E-06,+55.324592E-03,-9.528595912E+00
-137.500E-06,+55.482935E-03,-9.494754832E+00
-135.000E-06,+55.589196E-03,-9.514855335E+00
-132.500E-06,+55.721891E-03,-9.501585862E+00
-130.000E-06,+55.610919E-03,-9.474654330E+00
-127.500E-06,+56.437447E-03,-9.443378158E+00
-125.000E-06,+56.392431E-03,-9.454553828E+00
-122.500E-06,+56.153476E-03,-9.434453325E+00
-120.000E-06,+56.795226E-03,-9.410322254E+00
-117.500E-06,+56.996231E-03,-9.381139884E+00
-115.000E-06,+56.754135E-03,-9.378260905E+00
-112.500E-06,+56.143268E-03,-9.369257556E+00
-110.000E-06,+55.589196E-03,-9.333950814E+00
-107.500E-06,+55.790201E-03,-9.333950814E+00
-105.000E-06,+56.074173E-03,-9.345754624E+00
-102.500E-06,+56.407349E-03,-9.353344658E+00
-100.000E-06,+56.594221E-03,-9.263258813E+00
-97.500E-06,+56.219954E-03,-9.253548805E+00
-95.000E-06,+56.996231E-03,-9.253548805E+00
-92.500E-06,+57.031040E-03,-9.257029751E+00
-90.000E-06,+57.197236E-03,-9.198769701E+00
-87.500E-06,+56.940483E-03,-9.207773051E+00
-85.000E-06,+56.726654E-03,-9.213347800E+00
-82.500E-06,+56.115525E-03,-9.188483897E+00
-80.000E-06,+56.205559E-03,-9.170477197E+00
-77.500E-06,+56.697602E-03,-9.132945791E+00
-75.000E-06,+57.182056E-03,-9.112845289E+00
-72.500E-06,+56.913788E-03,-9.124701444E+00
-70.000E-06,+56.996231E-03,-9.089891981E+00
-67.500E-06,+57.275230E-03,-9.066493740E+00
-65.000E-06,+57.348775E-03,-9.052543782E+00
-62.500E-06,+57.438808E-03,-9.072644284E+00
-60.000E-06,+56.996231E-03,-9.005302367E+00
-57.500E-06,+56.574592E-03,-8.994205214E+00
-55.000E-06,+56.283553E-03,-8.983108062E+00
-52.500E-06,+56.393216E-03,-8.972141773E+00
-50.000E-06,+56.996231E-03,-8.920712753E+00
-47.500E-06,+57.219483E-03,-8.929716103E+00
-45.000E-06,+57.332810E-03,-8.931940768E+00
-42.500E-06,+57.398241E-03,-8.916158733E+00
-40.000E-06,+57.089929E-03,-8.871639261E+00
-37.500E-06,+57.663369E-03,-8.845126489E+00
-35.000E-06,+57.573335E-03,-8.834029337E+00
-32.500E-06,+57.599246E-03,-8.843032687E+00
-30.000E-06,+57.398241E-03,-8.791734530E+00
-27.500E-06,+56.583228E-03,-8.780637378E+00
-25.000E-06,+56.578256E-03,-8.752632771E+00
-22.500E-06,+57.144367E-03,-8.778543575E+00
-20.000E-06,+57.307946E-03,-8.710835243E+00
-17.500E-06,+57.747121E-03,-8.696047764E+00
-15.000E-06,+57.684568E-03,-8.696518869E+00
-12.500E-06,+57.462625E-03,-8.690734740E+00
-10.000E-06,+57.800251E-03,-8.642655805E+00
-7.500E-06,+57.610500E-03,-8.630433233E+00
-5.000E-06,+57.899968E-03,-8.600203962E+00
-2.500E-06,+57.388557E-03,-8.611301115E+00
-0.0E+00,+56.956187E-03,-8.558066191E+00
+2.500E-06,+57.197236E-03,-8.564007355E+00
+5.000E-06,+57.681428E-03,-8.529930722E+00
+7.500E-06,+58.104376E-03,-8.535086710E+00
+10.000E-06,+58.287845E-03,-8.509830220E+00
+12.500E-06,+58.001256E-03,-8.475230136E+00
+15.000E-06,+58.403266E-03,-8.471382775E+00
+17.500E-06,+58.482569E-03,-8.469629215E+00
+20.000E-06,+58.004659E-03,-8.408987465E+00
+22.500E-06,+57.973513E-03,-8.400664601E+00
+25.000E-06,+57.751570E-03,-8.406893663E+00
+27.500E-06,+57.398241E-03,-8.409327708E+00
+30.000E-06,+57.242514E-03,-8.344498354E+00
+32.500E-06,+58.046011E-03,-8.349026201E+00
+35.000E-06,+58.268478E-03,-8.328925699E+00
+37.500E-06,+58.178444E-03,-8.328925699E+00
+40.000E-06,+58.316112E-03,-8.271293790E+00
+42.500E-06,+58.004135E-03,-8.268624192E+00
+45.000E-06,+58.016436E-03,-8.268624192E+00
+47.500E-06,+58.202261E-03,-8.252135499E+00
+50.000E-06,+58.274236E-03,-8.215520131E+00
+52.500E-06,+57.761254E-03,-8.204422978E+00
+55.000E-06,+57.749215E-03,-8.203219042E+00
+57.500E-06,+57.680381E-03,-8.188222183E+00
+60.000E-06,+58.031354E-03,-8.151031019E+00
+62.500E-06,+58.442525E-03,-8.127920676E+00
+65.000E-06,+58.211421E-03,-8.127920676E+00
+67.500E-06,+58.301455E-03,-8.138101790E+00
+70.000E-06,+58.793499E-03,-8.125565148E+00
+72.500E-06,+58.403266E-03,-8.079894085E+00
+75.000E-06,+58.837992E-03,-8.067619169E+00
+77.500E-06,+58.690640E-03,-8.067619169E+00
+80.000E-06,+58.202261E-03,-8.027418165E+00
+82.500E-06,+57.909391E-03,-8.027418165E+00
+85.000E-06,+58.075848E-03,-8.014776833E+00
+87.500E-06,+58.372383E-03,-8.008861841E+00
+90.000E-06,+58.604271E-03,-7.977664187E+00
+92.500E-06,+58.810772E-03,-7.947016155E+00
+95.000E-06,+58.720739E-03,-7.947016155E+00
+97.500E-06,+58.577837E-03,-7.964473232E+00
+100.000E-06,+58.276068E-03,-7.926915653E+00
+102.500E-06,+58.202261E-03,-7.922178425E+00
+105.000E-06,+58.330245E-03,-7.926915653E+00
+107.500E-06,+58.270571E-03,-7.920084623E+00
+110.000E-06,+58.001256E-03,-7.886714648E+00
+112.500E-06,+58.046273E-03,-7.866614146E+00
+115.000E-06,+58.404051E-03,-7.866535629E+00
+117.500E-06,+59.116468E-03,-7.875696014E+00
+120.000E-06,+59.006281E-03,-7.844498359E+00
+122.500E-06,+58.875157E-03,-7.819425076E+00
+125.000E-06,+58.403266E-03,-7.842404557E+00
+127.500E-06,+58.403266E-03,-7.821518879E+00
+130.000E-06,+58.465295E-03,-7.792415026E+00
+132.500E-06,+58.805276E-03,-7.766111635E+00
+135.000E-06,+58.285228E-03,-7.777915445E+00
+137.500E-06,+58.188128E-03,-7.766818293E+00
+140.000E-06,+57.897351E-03,-7.755721141E+00
+142.500E-06,+58.604271E-03,-7.764724491E+00
+145.000E-06,+58.729114E-03,-7.746011132E+00
+147.500E-06,+58.874895E-03,-7.766111635E+00
+150.000E-06,+59.061505E-03,-7.725910630E+00
+152.500E-06,+59.040044E-03,-7.720335881E+00
+155.000E-06,+59.104428E-03,-7.709238729E+00
+157.500E-06,+58.479952E-03,-7.725910630E+00
+160.000E-06,+58.590923E-03,-7.688379223E+00
+162.500E-06,+58.403266E-03,-7.695471979E+00
+165.000E-06,+58.008846E-03,-7.685709625E+00
+167.500E-06,+58.202261E-03,-7.685709625E+00
+170.000E-06,+58.431794E-03,-7.685709625E+00
+172.500E-06,+58.944776E-03,-7.691860170E+00
+175.000E-06,+59.411432E-03,-7.680763018E+00
+177.500E-06,+59.367724E-03,-7.689766367E+00
+180.000E-06,+58.875680E-03,-7.672649533E+00
+182.500E-06,+58.967022E-03,-7.665609123E+00
+185.000E-06,+58.585950E-03,-7.656474911E+00
+187.500E-06,+58.605580E-03,-7.665609123E+00
+190.000E-06,+58.491991E-03,-7.645508621E+00
+192.500E-06,+58.045749E-03,-7.665609123E+00
+195.000E-06,+58.400911E-03,-7.645508621E+00
+197.500E-06,+58.044441E-03,-7.665609123E+00
+200.000E-06,+59.006281E-03,-7.645508621E+00
+202.500E-06,+58.869399E-03,-7.632684082E+00
+205.000E-06,+59.155465E-03,-7.648099701E+00
+207.500E-06,+59.091342E-03,-7.654014693E+00
+210.000E-06,+58.599298E-03,-7.646005899E+00
+212.500E-06,+58.403266E-03,-7.655009249E+00
+215.000E-06,+58.789311E-03,-7.647105145E+00
+217.500E-06,+58.128193E-03,-7.665609123E+00
+220.000E-06,+58.604271E-03,-7.665609123E+00
+222.500E-06,+58.255391E-03,-7.660296100E+00
+225.000E-06,+58.345425E-03,-7.665609123E+00
+227.500E-06,+58.909705E-03,-7.685709625E+00
+230.000E-06,+59.207286E-03,-7.665609123E+00
+232.500E-06,+59.241049E-03,-7.685709625E+00
+235.000E-06,+58.703988E-03,-7.665609123E+00
+237.500E-06,+58.785909E-03,-7.684741242E+00
+240.000E-06,+58.483616E-03,-7.705810128E+00
+242.500E-06,+58.805276E-03,-7.702747942E+00
+245.000E-06,+58.380496E-03,-7.699868964E+00
+247.500E-06,+58.351706E-03,-7.705810128E+00
+250.000E-06,+58.078203E-03,-7.705810128E+00
+252.500E-06,+58.274759E-03,-7.725910630E+00
+255.000E-06,+58.805276E-03,-7.725910630E+00
+257.500E-06,+59.113850E-03,-7.715153721E+00
+260.000E-06,+59.408291E-03,-7.746011132E+00
+262.500E-06,+58.833019E-03,-7.748785420E+00
+265.000E-06,+58.628612E-03,-7.763677589E+00
+267.500E-06,+58.669964E-03,-7.746011132E+00
+270.000E-06,+58.759998E-03,-7.786212137E+00
+272.500E-06,+58.760521E-03,-7.786212137E+00
+275.000E-06,+58.538055E-03,-7.772733285E+00
+277.500E-06,+58.025073E-03,-7.803930939E+00
+280.000E-06,+57.974560E-03,-7.815028091E+00
+282.500E-06,+59.000523E-03,-7.826125244E+00
+285.000E-06,+59.006281E-03,-7.815603887E+00
+287.500E-06,+59.408291E-03,-7.826413142E+00
+290.000E-06,+58.934307E-03,-7.853711089E+00
+292.500E-06,+58.643268E-03,-7.850413351E+00
+295.000E-06,+58.652167E-03,-7.866614146E+00
+297.500E-06,+58.604271E-03,-7.846513644E+00
+300.000E-06,+58.463463E-03,-7.903805310E+00
+302.500E-06,+58.163002E-03,-7.922989774E+00
+305.000E-06,+58.010416E-03,-7.906815151E+00
+307.500E-06,+58.199644E-03,-7.916996265E+00
+310.000E-06,+58.415044E-03,-7.949371683E+00
+312.500E-06,+59.084537E-03,-7.959291071E+00
+315.000E-06,+58.837992E-03,-7.967116658E+00
+317.500E-06,+58.834328E-03,-7.952747939E+00
+320.000E-06,+58.349612E-03,-8.018048399E+00
+322.500E-06,+58.403266E-03,-8.007317662E+00
+325.000E-06,+58.477858E-03,-8.014776833E+00
+327.500E-06,+58.403266E-03,-8.008861841E+00
+330.000E-06,+58.202261E-03,-8.067619169E+00
+332.500E-06,+58.598775E-03,-8.067069546E+00
+335.000E-06,+57.800251E-03,-8.067619169E+00
+337.500E-06,+58.175827E-03,-8.070262595E+00
+340.000E-06,+58.805276E-03,-8.115200827E+00
+342.500E-06,+59.313547E-03,-8.132657904E+00
+345.000E-06,+58.963620E-03,-8.132186798E+00
+347.500E-06,+58.334956E-03,-8.148021178E+00
+350.000E-06,+58.202261E-03,-8.186049863E+00
+352.500E-06,+58.805276E-03,-8.199397853E+00
+355.000E-06,+58.402481E-03,-8.208322685E+00
+357.500E-06,+58.221629E-03,-8.208322685E+00
+360.000E-06,+57.820404E-03,-8.252554259E+00
+362.500E-06,+58.132380E-03,-8.261636127E+00
+365.000E-06,+57.923524E-03,-8.264515105E+00
+367.500E-06,+58.854219E-03,-8.268624192E+00
+370.000E-06,+59.068310E-03,-8.315028086E+00
+372.500E-06,+58.459275E-03,-8.346225741E+00
+375.000E-06,+58.403266E-03,-8.328925699E+00
+377.500E-06,+58.396200E-03,-8.348319543E+00
+380.000E-06,+58.507171E-03,-8.379517198E+00
+382.500E-06,+58.230004E-03,-8.389227206E+00
+385.000E-06,+57.550565E-03,-8.409327708E+00
+387.500E-06,+58.132642E-03,-8.405846762E+00
+390.000E-06,+57.745027E-03,-8.444006309E+00
+392.500E-06,+58.057004E-03,-8.475203964E+00
+395.000E-06,+58.334694E-03,-8.489729717E+00
+397.500E-06,+58.604271E-03,-8.494493118E+00
+400.000E-06,+58.604271E-03,-8.547361626E+00
+402.500E-06,+58.104638E-03,-8.559793578E+00
+405.000E-06,+58.388086E-03,-8.550790228E+00
+407.500E-06,+58.521828E-03,-8.558275571E+00
+410.000E-06,+58.145205E-03,-8.595937840E+00
+412.500E-06,+58.140756E-03,-8.616483275E+00
+415.000E-06,+57.398241E-03,-8.630433233E+00
+417.500E-06,+57.398241E-03,-8.630433233E+00
+420.000E-06,+57.327837E-03,-8.664614556E+00
+422.500E-06,+58.163002E-03,-8.708872303E+00
+425.000E-06,+58.585950E-03,-8.701701030E+00
+427.500E-06,+58.403266E-03,-8.690865603E+00
+430.000E-06,+58.024811E-03,-8.751036247E+00
+432.500E-06,+57.778004E-03,-8.753260912E+00
+435.000E-06,+57.533815E-03,-8.777915435E+00
+437.500E-06,+57.886620E-03,-8.791237252E+00
+440.000E-06,+57.847100E-03,-8.842168993E+00
+442.500E-06,+57.197236E-03,-8.831438256E+00
+445.000E-06,+57.372330E-03,-8.851538759E+00
+447.500E-06,+57.653423E-03,-8.851538759E+00
+450.000E-06,+57.991311E-03,-8.891242485E+00
+452.500E-06,+57.895257E-03,-8.911840266E+00
+455.000E-06,+58.017221E-03,-8.893336288E+00
+457.500E-06,+57.927188E-03,-8.919247091E+00
+460.000E-06,+57.689541E-03,-8.975832099E+00
+462.500E-06,+57.557632E-03,-9.007029754E+00
+465.000E-06,+57.657087E-03,-8.977925901E+00
+467.500E-06,+57.430433E-03,-8.992242275E+00
+470.000E-06,+57.555800E-03,-9.048199142E+00
+472.500E-06,+56.984977E-03,-9.052543782E+00
+475.000E-06,+57.097519E-03,-9.052543782E+00
+477.500E-06,+57.197236E-03,-9.053512165E+00
+480.000E-06,+58.001256E-03,-9.112845289E+00
+482.500E-06,+57.538002E-03,-9.115907474E+00
+485.000E-06,+57.681428E-03,-9.147105129E+00
+487.500E-06,+57.099351E-03,-9.143257767E+00
+490.000E-06,+57.398241E-03,-9.193247298E+00
+492.500E-06,+57.655255E-03,-9.233448302E+00
+495.000E-06,+57.197236E-03,-9.211594241E+00
+497.500E-06,+56.902795E-03,-9.202590891E+00
+500.000E-06,+56.604428E-03,-9.253889048E+00
+502.500E-06,+56.881857E-03,-9.264986200E+00
+505.000E-06,+56.642902E-03,-9.253548805E+00
+507.500E-06,+56.996231E-03,-9.267080002E+00
+510.000E-06,+57.463411E-03,-9.302805504E+00
+512.500E-06,+57.241991E-03,-9.333950814E+00
+515.000E-06,+56.861442E-03,-9.340572464E+00
+517.500E-06,+57.197236E-03,-9.333950814E+00
+520.000E-06,+57.284391E-03,-9.385536869E+00
+522.500E-06,+56.996231E-03,-9.393964423E+00
+525.000E-06,+56.594221E-03,-9.394252321E+00
+527.500E-06,+56.759108E-03,-9.396058225E+00
+530.000E-06,+56.321241E-03,-9.434453325E+00
+532.500E-06,+56.270205E-03,-9.470754623E+00
+535.000E-06,+56.996231E-03,-9.439556969E+00
+537.500E-06,+57.278371E-03,-9.454553828E+00
+540.000E-06,+56.594221E-03,-9.474654330E+00
+542.500E-06,+56.675094E-03,-9.502842144E+00
+545.000E-06,+56.804386E-03,-9.496586909E+00
+547.500E-06,+57.095425E-03,-9.504674221E+00
+550.000E-06,+56.795226E-03,-9.555056339E+00
+552.500E-06,+56.270467E-03,-9.567331255E+00
+555.000E-06,+56.126780E-03,-9.555056339E+00
+557.500E-06,+55.761149E-03,-9.569425058E+00
+560.000E-06,+55.991206E-03,-9.609992478E+00
+562.500E-06,+56.356836E-03,-9.635458348E+00
+565.000E-06,+56.869818E-03,-9.622817017E+00
+567.500E-06,+56.393216E-03,-9.615357846E+00
+570.000E-06,+56.393216E-03,-9.654564294E+00
+572.500E-06,+56.197707E-03,-9.675659353E+00
+575.000E-06,+56.594221E-03,-9.675659353E+00
+577.500E-06,+56.393216E-03,-9.693116430E+00
+580.000E-06,+56.192211E-03,-9.703140508E+00
+582.500E-06,+55.991206E-03,-9.735960860E+00
+585.000E-06,+55.516174E-03,-9.720126480E+00
+587.500E-06,+55.657506E-03,-9.729129830E+00
+590.000E-06,+56.192211E-03,-9.753889042E+00
+592.500E-06,+56.080454E-03,-9.776161864E+00
+595.000E-06,+56.591865E-03,-9.776161864E+00
+597.500E-06,+55.861652E-03,-9.776161864E+00
+600.000E-06,+56.192211E-03,-9.818378154E+00
+602.500E-06,+56.655465E-03,-9.829475306E+00
+605.000E-06,+56.713044E-03,-9.816362869E+00
+607.500E-06,+56.241154E-03,-9.816362869E+00
+610.000E-06,+55.728172E-03,-9.856563874E+00
+612.500E-06,+55.014185E-03,-9.873863915E+00
+615.000E-06,+55.152115E-03,-9.856563874E+00
+617.500E-06,+55.603329E-03,-9.876664376E+00
+620.000E-06,+55.894106E-03,-9.906474886E+00
+622.500E-06,+55.790201E-03,-9.916865380E+00
+625.000E-06,+55.714039E-03,-9.891896788E+00
+627.500E-06,+55.562238E-03,-9.913384434E+00
+630.000E-06,+56.393216E-03,-9.896764878E+00
+632.500E-06,+56.337468E-03,-9.936965883E+00
+635.000E-06,+56.025492E-03,-9.923722583E+00
+637.500E-06,+55.388191E-03,-9.949397834E+00
+640.000E-06,+54.959485E-03,-9.957066385E+00
+642.500E-06,+55.089562E-03,-9.977166887E+00
+645.000E-06,+55.187186E-03,-9.976407884E+00
+647.500E-06,+55.707757E-03,-9.965310732E+00
+650.000E-06,+55.733145E-03,-9.980019693E+00
+652.500E-06,+55.170697E-03,-9.997267390E+00
+655.000E-06,+55.889133E-03,-9.997267390E+00
+657.500E-06,+56.031773E-03,-10.033411652E+00
+660.000E-06,+55.920802E-03,-10.037468394E+00
+662.500E-06,+55.932318E-03,-10.037468394E+00
+665.000E-06,+55.077523E-03,-10.055736820E+00
+667.500E-06,+54.984872E-03,-10.037468394E+00
+670.000E-06,+54.696451E-03,-10.057568897E+00
+672.500E-06,+54.941687E-03,-10.077669399E+00
+675.000E-06,+55.121754E-03,-10.057568897E+00
+677.500E-06,+55.187186E-03,-10.073350932E+00
+680.000E-06,+54.986181E-03,-10.077669399E+00
+682.500E-06,+55.525073E-03,-10.084081668E+00
+685.000E-06,+55.388191E-03,-10.080260479E+00
+687.500E-06,+55.790201E-03,-10.089263829E+00
+690.000E-06,+55.785228E-03,-10.097769901E+00
+692.500E-06,+54.997173E-03,-10.117870403E+00
+695.000E-06,+54.399131E-03,-10.137970906E+00
+697.500E-06,+54.584171E-03,-10.130564080E+00
+700.000E-06,+54.657977E-03,-10.121560730E+00
+702.500E-06,+54.891436E-03,-10.143283929E+00
+705.000E-06,+54.812657E-03,-10.143755035E+00
+707.500E-06,+55.090609E-03,-10.154852187E+00
+710.000E-06,+55.230632E-03,-10.170293979E+00
+712.500E-06,+55.600450E-03,-10.159196827E+00
+715.000E-06,+55.791771E-03,-10.168043142E+00
+717.500E-06,+55.579512E-03,-10.157103024E+00
+720.000E-06,+54.905831E-03,-10.178171910E+00
+722.500E-06,+54.413788E-03,-10.178171910E+00
+725.000E-06,+54.099979E-03,-10.178171910E+00
+727.500E-06,+54.532611E-03,-10.198272413E+00
+730.000E-06,+54.785176E-03,-10.198272413E+00
+732.500E-06,+54.712678E-03,-10.211123124E+00
+735.000E-06,+54.584171E-03,-10.216619355E+00
+737.500E-06,+55.201319E-03,-10.187515503E+00
+740.000E-06,+55.388191E-03,-10.198272413E+00
+742.500E-06,+55.703570E-03,-10.218372915E+00
+745.000E-06,+55.235867E-03,-10.220806960E+00
+747.500E-06,+54.850869E-03,-10.218372915E+00
+750.000E-06,+54.247330E-03,-10.222900762E+00
+752.500E-06,+54.092651E-03,-10.222848417E+00
+755.000E-06,+53.780151E-03,-10.231851767E+00
+757.500E-06,+54.028790E-03,-10.215991215E+00
+760.000E-06,+54.584171E-03,-10.218372915E+00
+762.500E-06,+55.379554E-03,-10.238473417E+00
+765.000E-06,+54.677083E-03,-10.258573920E+00
+767.500E-06,+55.535019E-03,-10.238473417E+00
+770.000E-06,+55.259160E-03,-10.245670863E+00
+772.500E-06,+55.187186E-03,-10.258573920E+00
+775.000E-06,+54.533134E-03,-10.243577060E+00
+777.500E-06,+54.122226E-03,-10.252580410E+00
+780.000E-06,+54.011254E-03,-10.238473417E+00
+782.500E-06,+54.062029E-03,-10.270587110E+00
+785.000E-06,+53.971995E-03,-10.258573920E+00
+787.500E-06,+54.383166E-03,-10.268755033E+00
+790.000E-06,+54.371388E-03,-10.277496658E+00
+792.500E-06,+54.829669E-03,-10.266399506E+00
+795.000E-06,+54.817891E-03,-10.278674422E+00
+797.500E-06,+55.301821E-03,-10.278674422E+00
+800.000E-06,+55.187186E-03,-10.273309053E+00
+802.500E-06,+54.821556E-03,-10.298774924E+00
+805.000E-06,+54.182161E-03,-10.278674422E+00
+807.500E-06,+53.780151E-03,-10.280218601E+00
+810.000E-06,+53.579146E-03,-10.288227395E+00
+812.500E-06,+53.981156E-03,-10.298774924E+00
+815.000E-06,+54.447027E-03,-10.298774924E+00
+817.500E-06,+54.034024E-03,-10.298774924E+00
+820.000E-06,+54.584171E-03,-10.305134849E+00
+822.500E-06,+54.986181E-03,-10.298774924E+00
+825.000E-06,+55.315169E-03,-10.314609304E+00
+827.500E-06,+55.388191E-03,-10.298774924E+00
+830.000E-06,+54.785176E-03,-10.298774924E+00
+832.500E-06,+54.383166E-03,-10.309950594E+00
+835.000E-06,+53.980370E-03,-10.318875426E+00
+837.500E-06,+53.488327E-03,-10.318875426E+00
+840.000E-06,+53.981156E-03,-10.298774924E+00
+842.500E-06,+54.112280E-03,-10.325863492E+00
+845.000E-06,+54.182161E-03,-10.314766339E+00
+847.500E-06,+54.334223E-03,-10.303669187E+00
+850.000E-06,+54.770257E-03,-10.325078316E+00
+852.500E-06,+55.215190E-03,-10.318875426E+00
+855.000E-06,+55.506229E-03,-10.298774924E+00
+857.500E-06,+54.979114E-03,-10.318875426E+00
+860.000E-06,+54.085061E-03,-10.329265920E+00
+862.500E-06,+53.419755E-03,-10.337588785E+00
+865.000E-06,+53.780151E-03,-10.318875426E+00
+867.500E-06,+53.981156E-03,-10.322356373E+00
+870.000E-06,+53.890599E-03,-10.327931121E+00
+872.500E-06,+54.383166E-03,-10.338975929E+00
+875.000E-06,+54.216447E-03,-10.335547327E+00
+877.500E-06,+55.081449E-03,-10.331307378E+00
+880.000E-06,+54.798524E-03,-10.337641130E+00
+882.500E-06,+55.480056E-03,-10.318875426E+00
+885.000E-06,+54.606941E-03,-10.358317428E+00
+887.500E-06,+54.182161E-03,-10.347220275E+00
+890.000E-06,+53.378141E-03,-10.336123123E+00
+892.500E-06,+53.378141E-03,-10.338975929E+00
+895.000E-06,+53.427607E-03,-10.323822034E+00
+897.500E-06,+53.619713E-03,-10.350962947E+00
+900.000E-06,+54.252565E-03,-10.318875426E+00
+902.500E-06,+54.182161E-03,-10.337012989E+00
+905.000E-06,+54.803496E-03,-10.338975929E+00
+907.500E-06,+54.785176E-03,-10.359076431E+00
+910.000E-06,+54.785176E-03,-10.330103441E+00
+912.500E-06,+54.963934E-03,-10.354627101E+00
+915.000E-06,+54.179805E-03,-10.338975929E+00
+917.500E-06,+53.622330E-03,-10.338975929E+00
+920.000E-06,+53.579146E-03,-10.359076431E+00
+922.500E-06,+53.780151E-03,-10.325287696E+00
+925.000E-06,+53.981156E-03,-10.321466507E+00
+927.500E-06,+54.213044E-03,-10.338975929E+00
+930.000E-06,+54.378193E-03,-10.339970485E+00
+932.500E-06,+54.785176E-03,-10.348476557E+00
+935.000E-06,+55.171221E-03,-10.357479907E+00
+937.500E-06,+55.113118E-03,-10.346382754E+00
+940.000E-06,+54.785176E-03,-10.355386104E+00
+942.500E-06,+54.330035E-03,-10.344288952E+00
+945.000E-06,+53.521304E-03,-10.344760058E+00
+947.500E-06,+53.442525E-03,-10.355857210E+00
+950.000E-06,+53.456920E-03,-10.359076431E+00
+952.500E-06,+53.768896E-03,-10.359076431E+00
+955.000E-06,+53.780151E-03,-10.348947662E+00
+957.500E-06,+53.809202E-03,-10.359076431E+00
+960.000E-06,+54.503821E-03,-10.347010895E+00
+962.500E-06,+54.955559E-03,-10.345100300E+00
+965.000E-06,+54.844587E-03,-10.338975929E+00
+967.500E-06,+54.733616E-03,-10.349287905E+00
+970.000E-06,+54.220634E-03,-10.355229069E+00
+972.500E-06,+53.579146E-03,-10.359076431E+00
+975.000E-06,+53.360605E-03,-10.360829990E+00
+977.500E-06,+53.364007E-03,-10.368420024E+00
+980.000E-06,+53.769943E-03,-10.359076431E+00
+982.500E-06,+53.894525E-03,-10.347639036E+00
+985.000E-06,+54.206501E-03,-10.376742888E+00
+987.500E-06,+54.719483E-03,-10.372607629E+00
+990.000E-06,+55.232464E-03,-10.348031624E+00
+992.500E-06,+55.231941E-03,-10.359076431E+00
+995.000E-06,+54.650387E-03,-10.359076431E+00
+997.500E-06,+54.383166E-03,-10.356694731E+00
+1.000000E-03,+53.780151E-03,-10.350360979E+00
+1.002500E-03,+53.375262E-03,-10.359076431E+00
+1.005000E-03,+53.548785E-03,-10.359076431E+00
+1.007500E-03,+53.378141E-03,-10.359076431E+00
+1.010000E-03,+53.981156E-03,-10.346173374E+00
+1.012500E-03,+54.182161E-03,-10.359076431E+00
+1.015000E-03,+54.533134E-03,-10.359076431E+00
+1.017500E-03,+54.866311E-03,-10.350962947E+00
+1.020000E-03,+55.247383E-03,-10.356066590E+00
+1.022500E-03,+55.187186E-03,-10.350989120E+00
+1.025000E-03,+54.565850E-03,-10.359992470E+00
+1.027500E-03,+53.579146E-03,-10.359338156E+00
+1.030000E-03,+53.744818E-03,-10.359076431E+00
+1.032500E-03,+53.299885E-03,-10.359076431E+00
+1.035000E-03,+53.714719E-03,-10.355804865E+00
+1.037500E-03,+53.435458E-03,-10.364808215E+00
+1.040000E-03,+53.632799E-03,-10.359076431E+00
+1.042500E-03,+54.455925E-03,-10.342613910E+00
+1.045000E-03,+54.911589E-03,-10.359076431E+00
+1.047500E-03,+55.001623E-03,-10.377632754E+00
+1.050000E-03,+54.986181E-03,-10.348528902E+00
+1.052500E-03,+54.584171E-03,-10.397628566E+00
+1.055000E-03,+53.579146E-03,-10.359076431E+00
+1.057500E-03,+53.780151E-03,-10.359076431E+00
+1.060000E-03,+53.652952E-03,-10.365436356E+00
+1.062500E-03,+53.378141E-03,-10.363813659E+00
+1.065000E-03,+53.621807E-03,-10.359076431E+00
+1.067500E-03,+53.981156E-03,-10.332537487E+00
+1.070000E-03,+54.247330E-03,-10.361248751E+00
+1.072500E-03,+54.963672E-03,-10.359076431E+00
+1.075000E-03,+55.186401E-03,-10.379098416E+00
+1.077500E-03,+55.297372E-03,-10.357139664E+00
+1.080000E-03,+54.765023E-03,-10.359076431E+00
+1.082500E-03,+53.780151E-03,-10.359076431E+00
+1.085000E-03,+53.295959E-03,-10.359076431E+00
+1.087500E-03,+53.329198E-03,-10.354182168E+00
+1.090000E-03,+53.517117E-03,-10.372974044E+00
+1.092500E-03,+53.752146E-03,-10.359076431E+00
+1.095000E-03,+53.898189E-03,-10.370880242E+00
+1.097500E-03,+54.778109E-03,-10.359076431E+00
+1.100000E-03,+54.882276E-03,-10.378496448E+00
+1.102500E-03,+55.187186E-03,-10.359076431E+00
+1.105000E-03,+55.312029E-03,-10.359076431E+00
+1.107500E-03,+54.522404E-03,-10.359076431E+00
+1.110000E-03,+53.890599E-03,-10.364598835E+00
+1.112500E-03,+53.232883E-03,-10.364651180E+00
+1.115000E-03,+53.211422E-03,-10.345833131E+00
+1.117500E-03,+53.425775E-03,-10.359076431E+00
+1.120000E-03,+53.806847E-03,-10.377842134E+00
+1.122500E-03,+53.877774E-03,-10.379176933E+00
+1.125000E-03,+54.197341E-03,-10.359076431E+00
+1.127500E-03,+54.785176E-03,-10.370932587E+00
+1.130000E-03,+55.130130E-03,-10.376324128E+00
+1.132500E-03,+55.466185E-03,-10.359076431E+00
+1.135000E-03,+54.834642E-03,-10.359076431E+00
+1.137500E-03,+54.141593E-03,-10.359076431E+00
+1.140000E-03,+53.177136E-03,-10.352036021E+00
+1.142500E-03,+52.814384E-03,-10.379176933E+00
+1.145000E-03,+53.487803E-03,-10.349942218E+00
+1.147500E-03,+53.580454E-03,-10.359076431E+00
+1.150000E-03,+54.182161E-03,-10.359076431E+00
+1.152500E-03,+54.360919E-03,-10.359076431E+00
+1.155000E-03,+54.986181E-03,-10.365855116E+00
+1.157500E-03,+54.986181E-03,-10.374858466E+00
+1.160000E-03,+55.341342E-03,-10.363761314E+00
+1.162500E-03,+54.712416E-03,-10.372764664E+00
+1.165000E-03,+54.357255E-03,-10.359076431E+00
+1.167500E-03,+53.494085E-03,-10.367582503E+00
+1.170000E-03,+52.986076E-03,-10.359076431E+00
+1.172500E-03,+53.177136E-03,-10.368577059E+00
+1.175000E-03,+53.764185E-03,-10.360672955E+00
+1.177500E-03,+53.928287E-03,-10.359076431E+00
+1.180000E-03,+54.018059E-03,-10.375486607E+00
+1.182500E-03,+54.732045E-03,-10.353763408E+00
+1.185000E-03,+54.986181E-03,-10.373392804E+00
+1.187500E-03,+55.187186E-03,-10.355857210E+00
+1.190000E-03,+54.749843E-03,-10.346853860E+00
+1.192500E-03,+54.371911E-03,-10.340101347E+00
+1.195000E-03,+53.074277E-03,-10.349104697E+00
+1.197500E-03,+53.196503E-03,-10.359076431E+00
+1.200000E-03,+53.297791E-03,-10.355045862E+00
+1.202500E-03,+53.177136E-03,-10.362138617E+00
+1.205000E-03,+54.264342E-03,-10.379176933E+00
+1.207500E-03,+53.981156E-03,-10.359076431E+00
+1.210000E-03,+54.182161E-03,-10.359076431E+00
+1.212500E-03,+55.259684E-03,-10.359076431E+00
+1.215000E-03,+55.519053E-03,-10.342483048E+00
+1.217500E-03,+54.785176E-03,-10.359076431E+00
+1.220000E-03,+54.379763E-03,-10.378836690E+00
+1.222500E-03,+53.606888E-03,-10.359076431E+00
+1.225000E-03,+53.201476E-03,-10.359076431E+00
+1.227500E-03,+53.447759E-03,-10.359076431E+00
+1.230000E-03,+53.267692E-03,-10.354548584E+00
+1.232500E-03,+53.981156E-03,-10.370225928E+00
+1.235000E-03,+54.115944E-03,-10.359076431E+00
+1.237500E-03,+54.383166E-03,-10.374413533E+00
+1.240000E-03,+55.327732E-03,-10.359076431E+00
+1.242500E-03,+55.184307E-03,-10.358788533E+00
+1.245000E-03,+54.878088E-03,-10.348267177E+00
+1.247500E-03,+54.365107E-03,-10.377371029E+00
+1.250000E-03,+53.780151E-03,-10.379176933E+00
+1.252500E-03,+52.652115E-03,-10.359076431E+00
+1.255000E-03,+53.228172E-03,-10.359076431E+00
+1.257500E-03,+53.438076E-03,-10.359076431E+00
+1.260000E-03,+53.579146E-03,-10.362086272E+00
+1.262500E-03,+53.981156E-03,-10.359076431E+00
+1.265000E-03,+54.383166E-03,-10.379176933E+00
+1.267500E-03,+54.782558E-03,-10.349157043E+00
+1.270000E-03,+54.820509E-03,-10.359076431E+00
+1.272500E-03,+55.108930E-03,-10.366902017E+00
+1.275000E-03,+54.752460E-03,-10.359076431E+00
+1.277500E-03,+53.636463E-03,-10.379176933E+00
+1.280000E-03,+53.579146E-03,-10.359076431E+00
+1.282500E-03,+53.048890E-03,-10.355438449E+00
+1.285000E-03,+53.378141E-03,-10.359076431E+00
+1.287500E-03,+53.625471E-03,-10.340520108E+00
+1.290000E-03,+53.674675E-03,-10.348528902E+00
+1.292500E-03,+54.182161E-03,-10.359076431E+00
+1.295000E-03,+54.753245E-03,-10.362269480E+00
+1.297500E-03,+55.187186E-03,-10.359076431E+00
+1.300000E-03,+55.187186E-03,-10.365436356E+00
+1.302500E-03,+54.276905E-03,-10.359076431E+00
+1.305000E-03,+53.694828E-03,-10.359076431E+00
+1.307500E-03,+52.972205E-03,-10.359076431E+00
+1.310000E-03,+53.177136E-03,-10.361248751E+00
+1.312500E-03,+53.266384E-03,-10.368001263E+00
+1.315000E-03,+53.579931E-03,-10.339054446E+00
+1.317500E-03,+54.292347E-03,-10.368158299E+00
+1.320000E-03,+54.604324E-03,-10.343006498E+00
+1.322500E-03,+54.715295E-03,-10.366064496E+00
+1.325000E-03,+55.388191E-03,-10.359076431E+00
+1.327500E-03,+55.035123E-03,-10.354182168E+00
+1.330000E-03,+54.584171E-03,-10.359076431E+00
+1.332500E-03,+53.635155E-03,-10.341776389E+00
+1.335000E-03,+53.461107E-03,-10.347272620E+00
+1.337500E-03,+52.983197E-03,-10.359076431E+00
+1.340000E-03,+53.475241E-03,-10.359076431E+00
+1.342500E-03,+53.953413E-03,-10.375015501E+00
+1.345000E-03,+53.703989E-03,-10.366692637E+00
+1.347500E-03,+54.147351E-03,-10.362557377E+00
+1.350000E-03,+54.493614E-03,-10.364598835E+00
+1.352500E-03,+55.276696E-03,-10.359076431E+00
+1.355000E-03,+55.187186E-03,-10.359076431E+00
+1.357500E-03,+54.708490E-03,-10.338975929E+00
+1.360000E-03,+53.981156E-03,-10.357741632E+00
+1.362500E-03,+53.372383E-03,-10.349314078E+00
+1.365000E-03,+52.960950E-03,-10.339734932E+00
+1.367500E-03,+52.940012E-03,-10.362688240E+00
+1.370000E-03,+53.751623E-03,-10.359076431E+00
+1.372500E-03,+54.182161E-03,-10.366875845E+00
+1.375000E-03,+53.879083E-03,-10.343922537E+00
+1.377500E-03,+54.584171E-03,-10.359076431E+00
+1.380000E-03,+55.317787E-03,-10.379176933E+00
+1.382500E-03,+55.407820E-03,-10.357113491E+00
+1.385000E-03,+54.894839E-03,-10.348110141E+00
+1.387500E-03,+53.780151E-03,-10.379046071E+00
+1.390000E-03,+53.378141E-03,-10.367948918E+00
+1.392500E-03,+52.998377E-03,-10.376952268E+00
+1.395000E-03,+53.378141E-03,-10.359076431E+00
+1.397500E-03,+53.736966E-03,-10.343294396E+00
+1.400000E-03,+53.780151E-03,-10.379176933E+00
+1.402500E-03,+54.118038E-03,-10.372764664E+00
+1.405000E-03,+54.434987E-03,-10.361667511E+00
+1.407500E-03,+54.870236E-03,-10.370670861E+00
+1.410000E-03,+55.378245E-03,-10.359076431E+00
+1.412500E-03,+54.997173E-03,-10.348476557E+00
+1.415000E-03,+54.013086E-03,-10.359076431E+00
+1.417500E-03,+53.378141E-03,-10.371770108E+00
+1.420000E-03,+52.976131E-03,-10.359076431E+00
+1.422500E-03,+53.230266E-03,-10.373863910E+00
+1.425000E-03,+53.895833E-03,-10.350544187E+00
+1.427500E-03,+54.045540E-03,-10.359076431E+00
+1.430000E-03,+53.902376E-03,-10.379176933E+00
+1.432500E-03,+54.595425E-03,-10.378051515E+00
+1.435000E-03,+55.185615E-03,-10.369048165E+00
+1.437500E-03,+55.167818E-03,-10.378208550E+00
+1.440000E-03,+54.986181E-03,-10.367111397E+00
+1.442500E-03,+54.011777E-03,-10.376114747E+00
+1.445000E-03,+53.437552E-03,-10.344917093E+00
+1.447500E-03,+53.125576E-03,-10.379176933E+00
+1.450000E-03,+53.617619E-03,-10.366771155E+00
+1.452500E-03,+53.707653E-03,-10.359076431E+00
+1.455000E-03,+53.762615E-03,-10.359076431E+00
+1.457500E-03,+54.168027E-03,-10.338975929E+00
+1.460000E-03,+54.587573E-03,-10.359076431E+00
+1.462500E-03,+55.187186E-03,-10.359076431E+00
+1.465000E-03,+55.187186E-03,-10.379176933E+00
+1.467500E-03,+54.986181E-03,-10.359076431E+00
+1.470000E-03,+54.292609E-03,-10.359076431E+00
+1.472500E-03,+53.444881E-03,-10.374701431E+00
+1.475000E-03,+53.177136E-03,-10.345597579E+00
+1.477500E-03,+52.999948E-03,-10.359076431E+00
+1.480000E-03,+53.378141E-03,-10.359076431E+00
+1.482500E-03,+53.975398E-03,-10.359076431E+00
+1.485000E-03,+53.873063E-03,-10.359076431E+00
+1.487500E-03,+54.584171E-03,-10.360882336E+00
+1.490000E-03,+55.172267E-03,-10.359076431E+00
+1.492500E-03,+55.025178E-03,-10.359076431E+00
+1.495000E-03,+54.686244E-03,-10.364180074E+00
+1.497500E-03,+54.503036E-03,-10.359076431E+00
+1.500000E-03,+53.549047E-03,-10.376167092E+00
+1.502500E-03,+53.096262E-03,-10.359076431E+00
+1.505000E-03,+52.985291E-03,-10.358160392E+00
+1.507500E-03,+53.579146E-03,-10.379176933E+00
+1.510000E-03,+53.934045E-03,-10.359076431E+00
+1.512500E-03,+54.103905E-03,-10.379176933E+00
+1.515000E-03,+54.415881E-03,-10.379176933E+00
+1.517500E-03,+54.785176E-03,-10.353344647E+00
+1.520000E-03,+55.147142E-03,-10.359076431E+00
+1.522500E-03,+55.058940E-03,-10.359076431E+00
+1.525000E-03,+54.331344E-03,-10.351617260E+00
+1.527500E-03,+53.934830E-03,-10.359076431E+00
+1.530000E-03,+53.463725E-03,-10.348528902E+00
+1.532500E-03,+53.367148E-03,-10.359076431E+00
+1.535000E-03,+53.526539E-03,-10.362269480E+00
+1.537500E-03,+54.330297E-03,-10.359076431E+00
+1.540000E-03,+53.917556E-03,-10.359076431E+00
+1.542500E-03,+54.383166E-03,-10.338975929E+00
+1.545000E-03,+54.785176E-03,-10.367608676E+00
+1.547500E-03,+55.050565E-03,-10.365907461E+00
+1.550000E-03,+55.208909E-03,-10.359076431E+00
+1.552500E-03,+54.785176E-03,-10.338975929E+00
+1.555000E-03,+53.578360E-03,-10.359076431E+00
+1.557500E-03,+53.267954E-03,-10.368158299E+00
+1.560000E-03,+52.996283E-03,-10.379176933E+00
+1.562500E-03,+53.439384E-03,-10.359076431E+00
+1.565000E-03,+53.898974E-03,-10.359076431E+00
+1.567500E-03,+53.878036E-03,-10.363970694E+00
+1.570000E-03,+54.043185E-03,-10.359076431E+00
+1.572500E-03,+54.266174E-03,-10.359076431E+00
+1.575000E-03,+55.423262E-03,-10.359076431E+00
+1.577500E-03,+55.180119E-03,-10.359076431E+00
+1.580000E-03,+54.785176E-03,-10.368786439E+00
+1.582500E-03,+53.579146E-03,-10.377789789E+00
+1.585000E-03,+53.177136E-03,-10.371560727E+00
+1.587500E-03,+53.177136E-03,-10.349418768E+00
+1.590000E-03,+53.433365E-03,-10.359076431E+00
+1.592500E-03,+53.634893E-03,-10.368027436E+00
+1.595000E-03,+53.613432E-03,-10.359076431E+00
+1.597500E-03,+54.383166E-03,-10.338975929E+00
+1.600000E-03,+54.597519E-03,-10.377842134E+00
+1.602500E-03,+55.181428E-03,-10.378601138E+00
+1.605000E-03,+54.800356E-03,-10.378417930E+00
+1.607500E-03,+54.867619E-03,-10.362688240E+00
+1.610000E-03,+53.981156E-03,-10.341828734E+00
+1.612500E-03,+53.378141E-03,-10.373026389E+00
+1.615000E-03,+53.579146E-03,-10.384123541E+00
+1.617500E-03,+53.217703E-03,-10.375120191E+00
+1.620000E-03,+53.780151E-03,-10.346016339E+00
+1.622500E-03,+53.961526E-03,-10.359076431E+00
+1.625000E-03,+54.200481E-03,-10.357244354E+00
+1.627500E-03,+54.785176E-03,-10.359076431E+00
+1.630000E-03,+55.009736E-03,-10.356720903E+00
+1.632500E-03,+55.164939E-03,-10.343425259E+00
+1.635000E-03,+54.787531E-03,-10.359076431E+00
+1.637500E-03,+53.823335E-03,-10.359076431E+00
+1.640000E-03,+53.625994E-03,-10.359076431E+00
+1.642500E-03,+53.314018E-03,-10.352664161E+00
+1.645000E-03,+53.177136E-03,-10.376585853E+00
+1.647500E-03,+53.981156E-03,-10.347482001E+00
+1.650000E-03,+54.167242E-03,-10.359076431E+00
+1.652500E-03,+54.204146E-03,-10.348476557E+00
+1.655000E-03,+54.600136E-03,-10.360672955E+00
+1.657500E-03,+55.134317E-03,-10.366483257E+00
+1.660000E-03,+55.388191E-03,-10.359076431E+00
+1.662500E-03,+54.690431E-03,-10.373863910E+00
+1.665000E-03,+53.895833E-03,-10.353292302E+00
+1.667500E-03,+53.410333E-03,-10.359076431E+00
+1.670000E-03,+53.378141E-03,-10.326753358E+00
+1.672500E-03,+53.366886E-03,-10.359076431E+00
+1.675000E-03,+53.579146E-03,-10.359076431E+00
+1.677500E-03,+53.780151E-03,-10.359076431E+00
+1.680000E-03,+54.262772E-03,-10.355045862E+00
+1.682500E-03,+54.413788E-03,-10.356014245E+00
+1.685000E-03,+54.903999E-03,-10.359076431E+00
+1.687500E-03,+55.135626E-03,-10.353920443E+00
+1.690000E-03,+54.622644E-03,-10.359076431E+00
+1.692500E-03,+54.310668E-03,-10.353475510E+00
+1.695000E-03,+53.780151E-03,-10.377423374E+00
+1.697500E-03,+53.191269E-03,-10.349732838E+00
+1.700000E-03,+53.572341E-03,-10.359076431E+00
+1.702500E-03,+53.579146E-03,-10.379176933E+00
+1.705000E-03,+53.780151E-03,-10.341409974E+00
+1.707500E-03,+54.046849E-03,-10.359076431E+00
+1.710000E-03,+54.895624E-03,-10.343503776E+00
+1.712500E-03,+54.740421E-03,-10.359076431E+00
+1.715000E-03,+55.253402E-03,-10.379176933E+00
+1.717500E-03,+55.340557E-03,-10.361458131E+00
+1.720000E-03,+54.436558E-03,-10.370461481E+00
+1.722500E-03,+53.383899E-03,-10.359076431E+00
+1.725000E-03,+53.177136E-03,-10.349785183E+00
+1.727500E-03,+53.561087E-03,-10.360882336E+00
+1.730000E-03,+53.981156E-03,-10.346173374E+00
+1.732500E-03,+54.182161E-03,-10.359076431E+00
+1.735000E-03,+53.879083E-03,-10.364180074E+00
+1.737500E-03,+54.383166E-03,-10.365069940E+00
+1.740000E-03,+54.755077E-03,-10.376167092E+00
+1.742500E-03,+54.983825E-03,-10.367163742E+00
+1.745000E-03,+55.004502E-03,-10.359076431E+00
+1.747500E-03,+54.482360E-03,-10.359076431E+00
+1.750000E-03,+53.780151E-03,-10.341331456E+00
+1.752500E-03,+53.500890E-03,-10.359076431E+00
+1.755000E-03,+52.807841E-03,-10.359076431E+00
+1.757500E-03,+53.579146E-03,-10.353344647E+00
+1.760000E-03,+53.887458E-03,-10.364441799E+00
+1.762500E-03,+53.944776E-03,-10.362714413E+00
+1.765000E-03,+54.457757E-03,-10.359076431E+00
+1.767500E-03,+54.816059E-03,-10.359076431E+00
+1.770000E-03,+54.986181E-03,-10.338975929E+00
+1.772500E-03,+54.796168E-03,-10.339525552E+00
+1.775000E-03,+54.234767E-03,-10.359076431E+00
+1.777500E-03,+53.981156E-03,-10.359076431E+00
+1.780000E-03,+53.441740E-03,-10.359076431E+00
+1.782500E-03,+53.118247E-03,-10.359076431E+00
+1.785000E-03,+53.737489E-03,-10.359076431E+00
+1.787500E-03,+53.579146E-03,-10.372345903E+00
+1.790000E-03,+53.622592E-03,-10.361248751E+00
+1.792500E-03,+54.092912E-03,-10.359076431E+00
+1.795000E-03,+55.185615E-03,-10.359076431E+00
+1.797500E-03,+54.804543E-03,-10.368158299E+00
+1.800000E-03,+54.966028E-03,-10.340991213E+00
+1.802500E-03,+53.919912E-03,-10.359076431E+00
+1.805000E-03,+54.259893E-03,-10.375067846E+00
+1.807500E-03,+53.427083E-03,-10.379176933E+00
+1.810000E-03,+53.455088E-03,-10.359076431E+00
+1.812500E-03,+53.406145E-03,-10.359076431E+00
+1.815000E-03,+53.898189E-03,-10.355569312E+00
+1.817500E-03,+53.974089E-03,-10.359783089E+00
+1.820000E-03,+54.389971E-03,-10.359076431E+00
+1.822500E-03,+54.598042E-03,-10.360463575E+00
+1.825000E-03,+54.861338E-03,-10.359076431E+00
+1.827500E-03,+54.986181E-03,-10.359076431E+00
+1.830000E-03,+54.383166E-03,-10.359076431E+00
+1.832500E-03,+53.869661E-03,-10.353501682E+00
+1.835000E-03,+53.579146E-03,-10.359076431E+00
+1.837500E-03,+53.282873E-03,-10.359076431E+00
+1.840000E-03,+53.190484E-03,-10.340310728E+00
+1.842500E-03,+53.981156E-03,-10.348738282E+00
+1.845000E-03,+54.166981E-03,-10.359076431E+00
+1.847500E-03,+54.383166E-03,-10.350832084E+00
+1.850000E-03,+54.383166E-03,-10.359076431E+00
+1.852500E-03,+55.047686E-03,-10.352925887E+00
+1.855000E-03,+54.986181E-03,-10.359076431E+00
+1.857500E-03,+54.825743E-03,-10.363133173E+00
+1.860000E-03,+54.312762E-03,-10.379176933E+00
+1.862500E-03,+53.397770E-03,-10.377213994E+00
+1.865000E-03,+53.177136E-03,-10.370042721E+00
+1.867500E-03,+53.977230E-03,-10.359076431E+00
+1.870000E-03,+53.579146E-03,-10.347848416E+00
+1.872500E-03,+53.846891E-03,-10.379176933E+00
+1.875000E-03,+54.317734E-03,-10.365855116E+00
+1.877500E-03,+54.584171E-03,-10.343294396E+00
+1.880000E-03,+54.832025E-03,-10.359076431E+00
+1.882500E-03,+54.977544E-03,-10.359076431E+00
+1.885000E-03,+54.960270E-03,-10.359076431E+00
+1.887500E-03,+54.066216E-03,-10.338975929E+00
+1.890000E-03,+53.383113E-03,-10.358579153E+00
+1.892500E-03,+52.976131E-03,-10.369676305E+00
+1.895000E-03,+53.732255E-03,-10.377580409E+00
+1.897500E-03,+53.632014E-03,-10.353789580E+00
+1.900000E-03,+54.182161E-03,-10.375486607E+00
+1.902500E-03,+54.034286E-03,-10.364389454E+00
+1.905000E-03,+54.441007E-03,-10.359076431E+00
+1.907500E-03,+54.849560E-03,-10.362295652E+00
+1.910000E-03,+55.108406E-03,-10.359076431E+00
+1.912500E-03,+54.986181E-03,-10.360201850E+00
+1.915000E-03,+54.084014E-03,-10.359076431E+00
+1.917500E-03,+53.407192E-03,-10.338975929E+00
+1.920000E-03,+53.177136E-03,-10.359076431E+00
+1.922500E-03,+53.067996E-03,-10.356014245E+00
+1.925000E-03,+53.579146E-03,-10.373235769E+00
+1.927500E-03,+53.929596E-03,-10.359076431E+00
+1.930000E-03,+53.981156E-03,-10.359076431E+00
+1.932500E-03,+54.455664E-03,-10.359076431E+00
+1.935000E-03,+55.152115E-03,-10.359076431E+00
+1.937500E-03,+55.201319E-03,-10.369833340E+00
+1.940000E-03,+54.986181E-03,-10.359076431E+00
+1.942500E-03,+54.383166E-03,-10.367739538E+00
+1.945000E-03,+53.402481E-03,-10.359076431E+00
+1.947500E-03,+53.312448E-03,-10.359076431E+00
+1.950000E-03,+53.845320E-03,-10.359076431E+00
+1.952500E-03,+53.623901E-03,-10.343451431E+00
+1.955000E-03,+53.846367E-03,-10.352454781E+00
+1.957500E-03,+54.359349E-03,-10.338975929E+00
+1.960000E-03,+54.356470E-03,-10.359076431E+00
+1.962500E-03,+55.379554E-03,-10.339551724E+00
+1.965000E-03,+54.986181E-03,-10.359076431E+00
+1.967500E-03,+54.968122E-03,-10.359076431E+00
+1.970000E-03,+54.053130E-03,-10.359076431E+00
+1.972500E-03,+53.942159E-03,-10.359076431E+00
+1.975000E-03,+53.327104E-03,-10.354286858E+00
+1.977500E-03,+53.720216E-03,-10.373183424E+00
+1.980000E-03,+53.579146E-03,-10.373157252E+00
+1.982500E-03,+53.620760E-03,-10.375251054E+00
+1.985000E-03,+54.154679E-03,-10.358160392E+00
+1.987500E-03,+54.584171E-03,-10.348895317E+00
+1.990000E-03,+54.785176E-03,-10.359076431E+00
+1.992500E-03,+55.187186E-03,-10.371351347E+00
+1.995000E-03,+54.616886E-03,-10.379176933E+00
+1.997500E-03,+54.095791E-03,-10.338975929E+00
+2.000000E-03,+53.820195E-03,-10.344341297E+00
+2.002500E-03,+53.249895E-03,-10.359076431E+00
+2.005000E-03,+53.303549E-03,-10.371717763E+00
+2.007500E-03,+53.610029E-03,-10.340520108E+00
+2.010000E-03,+53.589091E-03,-10.359076431E+00
+2.012500E-03,+54.171168E-03,-10.338975929E+00
+2.015000E-03,+53.949225E-03,-10.338975929E+00
+2.017500E-03,+54.557736E-03,-10.356433006E+00
+2.020000E-03,+55.113379E-03,-10.372817009E+00
+2.022500E-03,+54.832548E-03,-10.359076431E+00
+2.025000E-03,+54.541509E-03,-10.359076431E+00
+2.027500E-03,+53.711840E-03,-10.372345903E+00
+2.030000E-03,+53.019577E-03,-10.341148249E+00
+2.032500E-03,+53.690902E-03,-10.359076431E+00
+2.035000E-03,+53.779365E-03,-10.359076431E+00
+2.037500E-03,+53.870969E-03,-10.357139664E+00
+2.040000E-03,+53.820456E-03,-10.359076431E+00
+2.042500E-03,+54.383166E-03,-10.373052562E+00
+2.045000E-03,+54.744085E-03,-10.343085016E+00
+2.047500E-03,+55.089301E-03,-10.354182168E+00
+2.050000E-03,+55.187186E-03,-10.359076431E+00
+2.052500E-03,+54.439175E-03,-10.376376473E+00
+2.055000E-03,+53.981156E-03,-10.347272620E+00
+2.057500E-03,+53.191269E-03,-10.359076431E+00
+2.060000E-03,+53.371336E-03,-10.369466925E+00
+2.062500E-03,+54.154418E-03,-10.379176933E+00
+2.065000E-03,+54.057318E-03,-10.346592135E+00
+2.067500E-03,+53.683574E-03,-10.375695987E+00
+2.070000E-03,+54.383166E-03,-10.353554027E+00
+2.072500E-03,+54.785176E-03,-10.359076431E+00
+2.075000E-03,+55.152900E-03,-10.345833131E+00
+2.077500E-03,+55.062866E-03,-10.351407880E+00
+2.080000E-03,+54.972833E-03,-10.379176933E+00
+2.082500E-03,+53.877774E-03,-10.348738282E+00
+2.085000E-03,+53.764971E-03,-10.339734932E+00
+2.087500E-03,+53.460584E-03,-10.338975929E+00
+2.090000E-03,+53.780151E-03,-10.347534346E+00
+2.092500E-03,+53.517640E-03,-10.338975929E+00
+2.095000E-03,+54.182161E-03,-10.364023039E+00
+2.097500E-03,+54.141593E-03,-10.359076431E+00
+2.100000E-03,+54.654575E-03,-10.346016339E+00
+2.102500E-03,+54.844064E-03,-10.379176933E+00
+2.105000E-03,+54.894839E-03,-10.370042721E+00
+2.107500E-03,+54.783867E-03,-10.359076431E+00
+2.110000E-03,+54.069880E-03,-10.350203944E+00
+2.112500E-03,+53.780151E-03,-10.359076431E+00
+2.115000E-03,+53.579146E-03,-10.359076431E+00
+2.117500E-03,+53.693781E-03,-10.374858466E+00
+2.120000E-03,+53.579146E-03,-10.359076431E+00
+2.122500E-03,+54.182161E-03,-10.359076431E+00
+2.125000E-03,+54.182161E-03,-10.344158090E+00
+2.127500E-03,+54.499110E-03,-10.359076431E+00
+2.130000E-03,+55.383218E-03,-10.339970485E+00
+2.132500E-03,+55.388191E-03,-10.368577059E+00
+2.135000E-03,+54.616101E-03,-10.359076431E+00
+2.137500E-03,+54.129292E-03,-10.359076431E+00
+2.140000E-03,+53.214039E-03,-10.375486607E+00
+2.142500E-03,+53.620760E-03,-10.359076431E+00
+2.145000E-03,+53.579146E-03,-10.344760058E+00
+2.147500E-03,+53.780151E-03,-10.359076431E+00
+2.150000E-03,+53.902376E-03,-10.359076431E+00
+2.152500E-03,+54.204669E-03,-10.341226766E+00
+2.155000E-03,+54.685458E-03,-10.379176933E+00
+2.157500E-03,+54.966813E-03,-10.359076431E+00
+2.160000E-03,+55.106836E-03,-10.359076431E+00
+2.162500E-03,+54.785176E-03,-10.359076431E+00
+2.165000E-03,+53.898974E-03,-10.359076431E+00
+2.167500E-03,+53.780151E-03,-10.388965459E+00
+2.170000E-03,+53.378141E-03,-10.359076431E+00
+2.172500E-03,+53.651643E-03,-10.359076431E+00
+2.175000E-03,+53.762615E-03,-10.359076431E+00
+2.177500E-03,+53.887720E-03,-10.359076431E+00
+2.180000E-03,+53.984558E-03,-10.358736188E+00
+2.182500E-03,+54.525283E-03,-10.359076431E+00
+2.185000E-03,+55.388191E-03,-10.356642386E+00
+2.187500E-03,+55.252879E-03,-10.338975929E+00
+2.190000E-03,+54.785176E-03,-10.348031624E+00
+2.192500E-03,+54.383166E-03,-10.359076431E+00
+2.195000E-03,+53.378141E-03,-10.359076431E+00
+2.197500E-03,+53.224770E-03,-10.361458131E+00
+2.200000E-03,+53.264290E-03,-10.347691381E+00
+2.202500E-03,+53.783030E-03,-10.359076431E+00
+2.205000E-03,+53.873063E-03,-10.360594438E+00
+2.207500E-03,+54.017274E-03,-10.338975929E+00
+2.210000E-03,+54.455140E-03,-10.351878986E+00
+2.212500E-03,+54.986181E-03,-10.355176724E+00
+2.215000E-03,+55.136149E-03,-10.353972788E+00
+2.217500E-03,+54.986181E-03,-10.359076431E+00
+2.220000E-03,+54.182161E-03,-10.376167092E+00
+2.222500E-03,+53.579146E-03,-10.347063240E+00
+2.225000E-03,+53.569985E-03,-10.359992470E+00
+2.227500E-03,+53.482569E-03,-10.368995820E+00
+2.230000E-03,+53.579146E-03,-10.359076431E+00
+2.232500E-03,+54.182161E-03,-10.359076431E+00
+2.235000E-03,+54.116729E-03,-10.379176933E+00
+2.237500E-03,+54.785176E-03,-10.359076431E+00
+2.240000E-03,+54.838829E-03,-10.353711063E+00
+2.242500E-03,+55.351811E-03,-10.342613910E+00
+2.245000E-03,+55.313599E-03,-10.371717763E+00
+2.247500E-03,+54.213044E-03,-10.359076431E+00
+2.250000E-03,+54.076685E-03,-10.379176933E+00
+2.252500E-03,+53.372644E-03,-10.359076431E+00
+2.255000E-03,+53.611076E-03,-10.370723206E+00
+2.257500E-03,+53.981156E-03,-10.359076431E+00
+2.260000E-03,+54.054962E-03,-10.338975929E+00
+2.262500E-03,+54.276905E-03,-10.354339203E+00
+2.265000E-03,+54.584171E-03,-10.347508173E+00
+2.267500E-03,+54.519786E-03,-10.359076431E+00
+2.270000E-03,+55.007904E-03,-10.323220066E+00
+2.272500E-03,+54.874424E-03,-10.359076431E+00
+2.275000E-03,+54.184516E-03,-10.339054446E+00
+2.277500E-03,+54.071974E-03,-10.359076431E+00
+2.280000E-03,+53.156983E-03,-10.359076431E+00
+2.282500E-03,+53.439384E-03,-10.366064496E+00
+2.285000E-03,+53.300408E-03,-10.359076431E+00
+2.287500E-03,+54.035333E-03,-10.354182168E+00
+2.290000E-03,+53.966237E-03,-10.345178818E+00
+2.292500E-03,+54.238170E-03,-10.341776389E+00
+2.295000E-03,+55.069148E-03,-10.362583550E+00
+2.297500E-03,+54.979114E-03,-10.358369773E+00
+2.300000E-03,+55.090086E-03,-10.349366423E+00
+2.302500E-03,+54.570299E-03,-10.357689287E+00
+2.305000E-03,+53.981156E-03,-10.351460225E+00
+2.307500E-03,+53.211945E-03,-10.379176933E+00
+2.310000E-03,+53.523922E-03,-10.364598835E+00
+2.312500E-03,+53.523398E-03,-10.373602185E+00
+2.315000E-03,+54.015442E-03,-10.355647830E+00
+2.317500E-03,+53.809202E-03,-10.366744982E+00
+2.320000E-03,+54.155465E-03,-10.360411230E+00
+2.322500E-03,+54.894315E-03,-10.359076431E+00
+2.325000E-03,+54.792766E-03,-10.338975929E+00
+2.327500E-03,+54.986181E-03,-10.338975929E+00
+2.330000E-03,+54.756648E-03,-10.359076431E+00
+2.332500E-03,+54.182161E-03,-10.352925887E+00
+2.335000E-03,+53.730685E-03,-10.359076431E+00
+2.337500E-03,+53.579146E-03,-10.363133173E+00
+2.340000E-03,+53.508741E-03,-10.346016339E+00
+2.342500E-03,+53.981156E-03,-10.359076431E+00
+2.345000E-03,+54.182161E-03,-10.368210644E+00
+2.347500E-03,+54.785176E-03,-10.379176933E+00
+2.350000E-03,+54.672896E-03,-10.359076431E+00
+2.352500E-03,+55.142692E-03,-10.374727603E+00
+2.355000E-03,+55.320404E-03,-10.359076431E+00
+2.357500E-03,+54.785176E-03,-10.370539999E+00
+2.360000E-03,+54.028004E-03,-10.359076431E+00
+2.362500E-03,+53.305381E-03,-10.359076431E+00
+2.365000E-03,+53.352230E-03,-10.359076431E+00
+2.367500E-03,+53.780151E-03,-10.355988073E+00
+2.370000E-03,+53.976183E-03,-10.378679655E+00
+2.372500E-03,+54.288159E-03,-10.349575803E+00
+2.375000E-03,+54.568205E-03,-10.359076431E+00
+2.377500E-03,+54.986181E-03,-10.359076431E+00
+2.380000E-03,+54.949277E-03,-10.359076431E+00
+2.382500E-03,+55.039311E-03,-10.359076431E+00
+2.385000E-03,+54.642012E-03,-10.359076431E+00
+2.387500E-03,+53.916771E-03,-10.342195150E+00
+2.390000E-03,+53.823597E-03,-10.366954362E+00
+2.392500E-03,+53.567891E-03,-10.360201850E+00
+2.395000E-03,+53.879868E-03,-10.359076431E+00
+2.397500E-03,+53.981156E-03,-10.359076431E+00
+2.400000E-03,+54.021461E-03,-10.351041465E+00
+2.402500E-03,+53.841394E-03,-10.379176933E+00
+2.405000E-03,+54.182161E-03,-10.373235769E+00
+2.407500E-03,+54.939855E-03,-10.359076431E+00
+2.410000E-03,+55.140075E-03,-10.375329572E+00
+2.412500E-03,+55.042190E-03,-10.359076431E+00
+2.415000E-03,+54.164625E-03,-10.357322872E+00
+2.417500E-03,+53.593279E-03,-10.369833340E+00
+2.420000E-03,+53.773346E-03,-10.359416674E+00
+2.422500E-03,+53.579146E-03,-10.347639036E+00
+2.425000E-03,+54.133480E-03,-10.341409974E+00
+2.427500E-03,+54.247854E-03,-10.365645736E+00
+2.430000E-03,+54.026434E-03,-10.374649086E+00
+2.432500E-03,+54.494661E-03,-10.359076431E+00
+2.435000E-03,+54.986181E-03,-10.359076431E+00
+2.437500E-03,+55.009998E-03,-10.356694731E+00
+2.440000E-03,+54.644629E-03,-10.370461481E+00
+2.442500E-03,+54.581292E-03,-10.359076431E+00
+2.445000E-03,+53.486233E-03,-10.359076431E+00
+2.447500E-03,+53.744033E-03,-10.359076431E+00
+2.450000E-03,+53.636202E-03,-10.359076431E+00
+2.452500E-03,+53.657140E-03,-10.359076431E+00
+2.455000E-03,+53.879083E-03,-10.364180074E+00
+2.457500E-03,+54.242096E-03,-10.359076431E+00
+2.460000E-03,+54.413264E-03,-10.338975929E+00
+2.462500E-03,+55.187186E-03,-10.367163742E+00
+2.465000E-03,+55.178025E-03,-10.359076431E+00
+2.467500E-03,+54.986181E-03,-10.348895317E+00
+2.470000E-03,+53.992933E-03,-10.360254195E+00
+2.472500E-03,+53.623639E-03,-10.359076431E+00
+2.475000E-03,+53.579146E-03,-10.359076431E+00
+2.477500E-03,+53.579146E-03,-10.364808215E+00
+2.480000E-03,+53.672843E-03,-10.359076431E+00
+2.482500E-03,+54.182161E-03,-10.359076431E+00
+2.485000E-03,+54.233982E-03,-10.366535602E+00
+2.487500E-03,+54.398607E-03,-10.340520108E+00
+2.490000E-03,+54.679700E-03,-10.359076431E+00
+2.492500E-03,+54.980685E-03,-10.378627310E+00
+2.495000E-03,+55.134579E-03,-10.375983885E+00
+2.497500E-03,+54.732307E-03,-10.376533508E+00
+2.500000E-03,+54.192368E-03,-10.359076431E+00
+2.502500E-03,+53.531773E-03,-10.359076431E+00
+2.505000E-03,+53.420802E-03,-10.359076431E+00
+2.507500E-03,+53.780151E-03,-10.359076431E+00
+2.510000E-03,+53.801874E-03,-10.377004613E+00
+2.512500E-03,+54.204669E-03,-10.347900761E+00
+2.515000E-03,+54.783605E-03,-10.379019898E+00
+2.517500E-03,+54.986181E-03,-10.349994563E+00
+2.520000E-03,+55.187186E-03,-10.359076431E+00
+2.522500E-03,+54.986181E-03,-10.359076431E+00
+2.525000E-03,+54.785176E-03,-10.347194103E+00
+2.527500E-03,+53.780151E-03,-10.359076431E+00
+2.530000E-03,+53.316112E-03,-10.359076431E+00
+2.532500E-03,+53.752146E-03,-10.359076431E+00
+2.535000E-03,+53.780151E-03,-10.359076431E+00
+2.537500E-03,+53.959956E-03,-10.359783089E+00
+2.540000E-03,+53.870446E-03,-10.379176933E+00
+2.542500E-03,+54.397037E-03,-10.361850719E+00
+2.545000E-03,+54.910019E-03,-10.346592135E+00
+2.547500E-03,+55.187186E-03,-10.355595485E+00
+2.550000E-03,+54.619504E-03,-10.329920234E+00
+2.552500E-03,+54.584171E-03,-10.359076431E+00
+2.555000E-03,+54.280308E-03,-10.359076431E+00
+2.557500E-03,+53.425775E-03,-10.359076431E+00
+2.560000E-03,+53.565798E-03,-10.377842134E+00
+2.562500E-03,+53.780151E-03,-10.369414580E+00
+2.565000E-03,+53.988746E-03,-10.359076431E+00
+2.567500E-03,+53.981156E-03,-10.359076431E+00
+2.570000E-03,+54.383166E-03,-10.376324128E+00
+2.572500E-03,+54.522665E-03,-10.345126473E+00
+2.575000E-03,+54.986181E-03,-10.364023039E+00
+2.577500E-03,+54.986181E-03,-10.359076431E+00
+2.580000E-03,+54.915777E-03,-10.352036021E+00
+2.582500E-03,+53.618404E-03,-10.379176933E+00
+2.585000E-03,+53.378141E-03,-10.359076431E+00
+2.587500E-03,+53.576528E-03,-10.359076431E+00
+2.590000E-03,+53.466865E-03,-10.347848416E+00
+2.592500E-03,+53.981156E-03,-10.359076431E+00
+2.595000E-03,+54.182161E-03,-10.372398248E+00
+2.597500E-03,+54.540986E-03,-10.343294396E+00
+2.600000E-03,+54.570561E-03,-10.359076431E+00
+2.602500E-03,+55.123063E-03,-10.359076431E+00
+2.605000E-03,+54.986181E-03,-10.359076431E+00
+2.607500E-03,+54.584171E-03,-10.359076431E+00
+2.610000E-03,+53.986128E-03,-10.378679655E+00
+2.612500E-03,+53.484139E-03,-10.349575803E+00
+2.615000E-03,+53.764185E-03,-10.340572453E+00
+2.617500E-03,+53.801350E-03,-10.351669605E+00
+2.620000E-03,+53.817054E-03,-10.338975929E+00
+2.622500E-03,+54.235291E-03,-10.379176933E+00
+2.625000E-03,+54.124319E-03,-10.367608676E+00
+2.627500E-03,+54.415358E-03,-10.359076431E+00
+2.630000E-03,+55.187186E-03,-10.346853860E+00
+2.632500E-03,+55.187186E-03,-10.359076431E+00
+2.635000E-03,+54.281878E-03,-10.358919396E+00
+2.637500E-03,+54.383166E-03,-10.397340669E+00
+2.640000E-03,+53.579146E-03,-10.371141967E+00
+2.642500E-03,+53.470006E-03,-10.342038115E+00
+2.645000E-03,+53.638557E-03,-10.365017595E+00
+2.647500E-03,+53.883270E-03,-10.359076431E+00
+2.650000E-03,+54.182161E-03,-10.375329572E+00
+2.652500E-03,+54.238170E-03,-10.359076431E+00
+2.655000E-03,+54.584171E-03,-10.375669814E+00
+2.657500E-03,+55.093750E-03,-10.359076431E+00
+2.660000E-03,+55.381386E-03,-10.378836690E+00
+2.662500E-03,+54.670802E-03,-10.359076431E+00
+2.665000E-03,+54.383166E-03,-10.361510476E+00
+2.667500E-03,+53.780151E-03,-10.365645736E+00
+2.670000E-03,+53.066687E-03,-10.370121238E+00
+2.672500E-03,+53.579146E-03,-10.374701431E+00
+2.675000E-03,+54.184516E-03,-10.365698081E+00
+2.677500E-03,+54.335532E-03,-10.376795233E+00
+2.680000E-03,+54.269315E-03,-10.350360979E+00
+2.682500E-03,+54.383166E-03,-10.359076431E+00
+2.685000E-03,+54.800356E-03,-10.348267177E+00
+2.687500E-03,+55.205245E-03,-10.357270527E+00
+2.690000E-03,+54.857150E-03,-10.351878986E+00
+2.692500E-03,+54.182161E-03,-10.359076431E+00
+2.695000E-03,+54.182161E-03,-10.359076431E+00
+2.697500E-03,+53.237071E-03,-10.359076431E+00
+2.700000E-03,+53.750052E-03,-10.356066590E+00
+2.702500E-03,+53.699277E-03,-10.350989120E+00
+2.705000E-03,+54.584171E-03,-10.359076431E+00
+2.707500E-03,+54.281355E-03,-10.369257545E+00
+2.710000E-03,+54.193938E-03,-10.359076431E+00
+2.712500E-03,+54.986181E-03,-10.379176933E+00
+2.715000E-03,+55.018896E-03,-10.345519061E+00
+2.717500E-03,+54.986181E-03,-10.364808215E+00
+2.720000E-03,+54.034809E-03,-10.344341297E+00
+2.722500E-03,+53.780151E-03,-10.375538952E+00
+2.725000E-03,+53.177136E-03,-10.359076431E+00
+2.727500E-03,+53.409024E-03,-10.377632754E+00
+2.730000E-03,+53.684621E-03,-10.338975929E+00
+2.732500E-03,+54.187657E-03,-10.338975929E+00
+2.735000E-03,+53.981156E-03,-10.359076431E+00
+2.737500E-03,+54.261463E-03,-10.379176933E+00
